tamainid,location_description,rdfeature,rdcharacter,rdclass,rdconfigur,rdsurface,rdcondition,lightcond,weather,trafcontrl,lat,lon,lon2,lat2,tract,zone,fatality,possblinj,numpassengers,numpedestrians,contrcir1_desc,contrcir2_desc,contrcir3_desc,contrcir4_desc,vehicle1,vehicle2,vehicle3,vehicle4,vehicle5,workarea,records,ta_date,ta_time,crash_date,geo_location,year,fatalities,injuries,month,contrfact1,contrfact2,contributing_factor,vehicleconcat1,vehicleconcat2,vehicleconcat3,vehicle_type
49009,0 FEET FROM SR# 3081 (CHAPEL HILL RD),FOUR-WAY INTERSECTION,STRAIGHT,,,,,,,,,,,,,,,,,,,,,,,,,,,,,,,,,,,,,,,,,,,
49011,.01 MILES FROM PVA OF (1510 N HARRISON AVE),NO SPECIAL FEATURE,STRAIGHT,,,,,,,,,,,,,,,,,,,,,,,,,,,,,,,,,,,,,,,,,,,
49016,.5 MILES FROM US 1 HWY,NO SPECIAL FEATURE,STRAIGHT,,,,,,,,,,,,,,,,,,,,,,,,,,,,,,,,,,,,,,,,,,,
49026,10 FEET FROM S.R. 3060 (MORRISVILLE PKWY),RELATED TO INTERSECTION,STRAIGHT,,,,,,,,,,,,,,,,,,,,,,,,,,,,,,,,,,,,,,,,,,,
49027,50 FEET FROM 113 WALNUT ST,DRIVEWAY,,,,,,,,,,,,,,,,,,,,,,,,,,,,,,,,,,,,,,,,,,,,
49031,300 FEET FROM 207 MERRY HILL DR,DRIVEWAY,,,,,,,,,,,,,,,,,,,,,,,,,,,,,,,,,,,,,,,,,,,,
49034,.1 MILES FROM P.V.A. (901 WALNUT ST),NO SPECIAL FEATURE,STRAIGHT,,,,,,,,,,,,,,,,,,,,,,,,,,,,,,,,,,,,,,,,,,,
49036,0 FEET FROM REED STREET,T-INTERSECTION,STRAIGHT,,,,,,,,,,,,,,,,,,,,,,,,,,,,,,,,,,,,,,,,,,,
49042,8 FEET FROM N.C. 54 (NE MAYNARD RD),RELATED TO INTERSECTION,STRAIGHT,,,,,,,,,,,,,,,,,,,,,,,,,,,,,,,,,,,,,,,,,,,
49054,68 FEET FROM SR 1613 (DAVIS DR),FOUR-WAY INTERSECTION,STRAIGHT,,,,,,,,,,,,,,,,,,,,,,,,,,,,,,,,,,,,,,,,,,,
49055,CARY,NO SPECIAL FEATURE,STRAIGHT,,,,,,,,,,,,,,,,,,,,,,,,,,,,,,,,,,,,,,,,,,,
49056,250 FEET FROM SR 1415 (SE MAYNARD RD),NO SPECIAL FEATURE,STRAIGHT,,,,,,,,,,,,,,,,,,,,,,,,,,,,,,,,,,,,,,,,,,,
49067,.1 MILES FROM US 1 HWY,MERGE LANE BETWEEN ON AND OFF RAMP,STRAIGHT,,,,,,,,,,,,,,,,,,,,,,,,,,,,,,,,,,,,,,,,,,,
49068,CARY,FOUR-WAY INTERSECTION,STRAIGHT,,,,,,,,,,,,,,,,,,,,,,,,,,,,,,,,,,,,,,,,,,,
49073,CARY,FOUR-WAY INTERSECTION,STRAIGHT,,,,,,,,,,,,,,,,,,,,,,,,,,,,,,,,,,,,,,,,,,,
49076,0 FEET FROM CRESCENT GREEN,FOUR-WAY INTERSECTION,STRAIGHT,,,,,,,,,,,,,,,,,,,,,,,,,,,,,,,,,,,,,,,,,,,
49086,250 FEET FROM P.V.A (2741 NC 55 HWY),DRIVEWAY,,,,,,,,,,,,,,,,,,,,,,,,,,,,,,,,,,,,,,,,,,,,
49089,25 FEET FROM P.V.A. 530 NEW WAVERLY PL,NO SPECIAL FEATURE,STRAIGHT,,,,,,,,,,,,,,,,,,,,,,,,,,,,,,,,,,,,,,,,,,,
49096,200 FEET FROM SR 1615 (HIGH HOUSE RD),RELATED TO INTERSECTION,STRAIGHT,,,,,,,,,,,,,,,,,,,,,,,,,,,,,,,,,,,,,,,,,,,
49097,0.3 MILES FROM SR 1315 (BUCK JONES RD),DRIVEWAY,,,,,,,,,,,,,,,,,,,,,,,,,,,,,,,,,,,,,,,,,,,,
49115,200 FEET FROM SR1652 (N HARRISON AVE),RELATED TO INTERSECTION,STRAIGHT,,,,,,,,,,,,,,,,,,,,,,,,,,,,,,,,,,,,,,,,,,,
49122,1.03 MILES FROM U.S. 1 HWY,NO SPECIAL FEATURE,STRAIGHT,,,,,,,,,,,,,,,,,,,,,,,,,,,,,,,,,,,,,,,,,,,
49123,20 FEET FROM SR 1009 (TRYON RD),NO SPECIAL FEATURE,STRAIGHT,,,,,,,,,,,,,,,,,,,,,,,,,,,,,,,,,,,,,,,,,,,
49139,0.15 MILES FROM SR 1615 (HIGH HOUSE RD),NO SPECIAL FEATURE,STRAIGHT,,,,,,,,,,,,,,,,,,,,,,,,,,,,,,,,,,,,,,,,,,,
49149,CARY,FOUR-WAY INTERSECTION,STRAIGHT,,,,,,,,,,,,,,,,,,,,,,,,,,,,,,,,,,,,,,,,,,,
49155,CARY,FOUR-WAY INTERSECTION,CURVE,,,,,,,,,,,,,,,,,,,,,,,,,,,,,,,,,,,,,,,,,,,
49157,0 FEET FROM SR 1415 (N.W. MAYNARD RD),FOUR-WAY INTERSECTION,STRAIGHT,,,,,,,,,,,,,,,,,,,,,,,,,,,,,,,,,,,,,,,,,,,
49158,358 FEET FROM PVA 5055 ARCO ST,NO SPECIAL FEATURE,STRAIGHT,,,,,,,,,,,,,,,,,,,,,,,,,,,,,,,,,,,,,,,,,,,
49161,CARY,RELATED TO INTERSECTION,STRAIGHT,,,,,,,,,,,,,,,,,,,,,,,,,,,,,,,,,,,,,,,,,,,
49168,150 FEET FROM P.V.A (101 KUMARCT),DRIVEWAY,,,,,,,,,,,,,,,,,,,,,,,,,,,,,,,,,,,,,,,,,,,,
49173,5 FEET FROM P.V.A. 2100 LAKESIDE LOFTS CIR,NO SPECIAL FEATURE,STRAIGHT,,,,,,,,,,,,,,,,,,,,,,,,,,,,,,,,,,,,,,,,,,,
49177,0 FEET FROM SR 1415 (NW MAYNARD RD),FOUR-WAY INTERSECTION,STRAIGHT,,,,,,,,,,,,,,,,,,,,,,,,,,,,,,,,,,,,,,,,,,,
49178,180 FEET FROM P.V.A. (3430 TEN TEN RD),NO SPECIAL FEATURE,STRAIGHT,,,,,,,,,,,,,,,,,,,,,,,,,,,,,,,,,,,,,,,,,,,
49181,84 FEET FROM 107 HENNIGAN DR,DRIVEWAY,,,,,,,,,,,,,,,,,,,,,,,,,,,,,,,,,,,,,,,,,,,,
49183,400 FEET FROM PONY CLUB CIRCL,T-INTERSECTION,STRAIGHT,,,,,,,,,,,,,,,,,,,,,,,,,,,,,,,,,,,,,,,,,,,
49192,CARY,RELATED TO INTERSECTION,CURVE,,,,,,,,,,,,,,,,,,,,,,,,,,,,,,,,,,,,,,,,,,,
49195,CARY,T-INTERSECTION,STRAIGHT,,,,,,,,,,,,,,,,,,,,,,,,,,,,,,,,,,,,,,,,,,,
49197,CARY,FOUR-WAY INTERSECTION,STRAIGHT,,,,,,,,,,,,,,,,,,,,,,,,,,,,,,,,,,,,,,,,,,,
49201,260 FEET FROM P.V.A. (3430 TEN TEN RD),NO SPECIAL FEATURE,STRAIGHT,,,,,,,,,,,,,,,,,,,,,,,,,,,,,,,,,,,,,,,,,,,
49206,150 FEET FROM SR 1313 (WALNUT ST),NO SPECIAL FEATURE,STRAIGHT,,,,,,,,,,,,,,,,,,,,,,,,,,,,,,,,,,,,,,,,,,,
49207,40 FEET FROM KILDAIRE FARM RD,FOUR-WAY INTERSECTION,STRAIGHT,,,,,,,,,,,,,,,,,,,,,,,,,,,,,,,,,,,,,,,,,,,
49220,0 FEET FROM SR 3977 (SW CARY PKWY),T-INTERSECTION,CURVE,,,,,,,,,,,,,,,,,,,,,,,,,,,,,,,,,,,,,,,,,,,
49224,150 FEET FROM US HWY 64 E,NO SPECIAL FEATURE,STRAIGHT,,,,,,,,,,,,,,,,,,,,,,,,,,,,,,,,,,,,,,,,,,,
49225,0 FEET FROM SR 1313 (WALNUST ST),FOUR-WAY INTERSECTION,STRAIGHT,,,,,,,,,,,,,,,,,,,,,,,,,,,,,,,,,,,,,,,,,,,
49227,.1 MILES FROM US1 HWY,ON-RAMP PROPER,STRAIGHT,,,,,,,,,,,,,,,,,,,,,,,,,,,,,,,,,,,,,,,,,,,
49231,0.2 MILES FROM N HARRISON AVE,NO SPECIAL FEATURE,STRAIGHT,,,,,,,,,,,,,,,,,,,,,,,,,,,,,,,,,,,,,,,,,,,
49235,76 FEET FROM P.V.A. (885 WALNUT ST),DRIVEWAY,,,,,,,,,,,,,,,,,,,,,,,,,,,,,,,,,,,,,,,,,,,,
49251,50 FEET FROM P.V.A. 113 WALNUT ST,NO SPECIAL FEATURE,CURVE,,,,,,,,,,,,,,,,,,,,,,,,,,,,,,,,,,,,,,,,,,,
49253,20 FEET FROM SR 1313 (WALNUT ST),NO SPECIAL FEATURE,STRAIGHT,,,,,,,,,,,,,,,,,,,,,,,,,,,,,,,,,,,,,,,,,,,
49258,CARY,NO SPECIAL FEATURE,STRAIGHT,,,,,,,,,,,,,,,,,,,,,,,,,,,,,,,,,,,,,,,,,,,
49260,.5 MILES FROM US 1 HWY,NO SPECIAL FEATURE,STRAIGHT,,,,,,,,,,,,,,,,,,,,,,,,,,,,,,,,,,,,,,,,,,,
49261,5 FEET FROM HATCHES POND LN,DRIVEWAY,,,,,,,,,,,,,,,,,,,,,,,,,,,,,,,,,,,,,,,,,,,,
49264,378 FEET FROM 1105 WALNUT ST,NO SPECIAL FEATURE,STRAIGHT,,,,,,,,,,,,,,,,,,,,,,,,,,,,,,,,,,,,,,,,,,,
49266,443 FEET FROM P.V.A. (109 BRAMPTON LN),NO SPECIAL FEATURE,STRAIGHT,,,,,,,,,,,,,,,,,,,,,,,,,,,,,,,,,,,,,,,,,,,
49271,446 FEET FROM S.R. 1300 (KILDAIRE FARM RD),NO SPECIAL FEATURE,STRAIGHT,,,,,,,,,,,,,,,,,,,,,,,,,,,,,,,,,,,,,,,,,,,
49274,.34 MILES FROM US 1 HWY,NO SPECIAL FEATURE,STRAIGHT,,,,,,,,,,,,,,,,,,,,,,,,,,,,,,,,,,,,,,,,,,,
49290,200 FEET FROM P.V.A. (98 CORNERSTONE DR),DRIVEWAY,,,,,,,,,,,,,,,,,,,,,,,,,,,,,,,,,,,,,,,,,,,,
49294,0 FEET FROM SR3977 (SW CARY PKWY),FOUR-WAY INTERSECTION,STRAIGHT,,,,,,,,,,,,,,,,,,,,,,,,,,,,,,,,,,,,,,,,,,,
49299,.25 MILES FROM P.V.A. (2500 CARPENTER UPCHURC,NO SPECIAL FEATURE,STRAIGHT,,,,,,,,,,,,,,,,,,,,,,,,,,,,,,,,,,,,,,,,,,,
49314,15 FEET FROM P.V.A (7600 ROBERTS RD),NO SPECIAL FEATURE,STRAIGHT,,,,,,,,,,,,,,,,,,,,,,,,,,,,,,,,,,,,,,,,,,,
49318,334 FEET FROM ASHVILLE AVE,NO SPECIAL FEATURE,STRAIGHT,,,,,,,,,,,,,,,,,,,,,,,,,,,,,,,,,,,,,,,,,,,
49324,0 FEET FROM P.V.A. 2041 WALNUT ST,Y-INTERSECTION,CURVE,,,,,,,,,,,,,,,,,,,,,,,,,,,,,,,,,,,,,,,,,,,
49331,0 FEET FROM SR 1313 (WALNUT ST),FOUR-WAY INTERSECTION,STRAIGHT,,,,,,,,,,,,,,,,,,,,,,,,,,,,,,,,,,,,,,,,,,,
49333,30 FEET FROM P.V.A. (1400 SE MAYNARD RD),NO SPECIAL FEATURE,STRAIGHT,,,,,,,,,,,,,,,,,,,,,,,,,,,,,,,,,,,,,,,,,,,
49339,.149 MILES FROM BARGATE DR,NO SPECIAL FEATURE,STRAIGHT,,,,,,,,,,,,,,,,,,,,,,,,,,,,,,,,,,,,,,,,,,,
49366,20 FEET FROM NC HWY 55,NO SPECIAL FEATURE,STRAIGHT,,,,,,,,,,,,,,,,,,,,,,,,,,,,,,,,,,,,,,,,,,,
49392,0 FEET FROM WESTON PKWY,FOUR-WAY INTERSECTION,STRAIGHT,,,,,,,,,,,,,,,,,,,,,,,,,,,,,,,,,,,,,,,,,,,
49399,361 FEET FROM SR3081 (CHAPEL HILL RD),RELATED TO INTERSECTION,STRAIGHT,,,,,,,,,,,,,,,,,,,,,,,,,,,,,,,,,,,,,,,,,,,
49402,0 FEET FROM SR 1313 (WALNUT ST),FOUR-WAY INTERSECTION,STRAIGHT,,,,,,,,,,,,,,,,,,,,,,,,,,,,,,,,,,,,,,,,,,,
49405,CARY,OFF-RAMP PROPER,CURVE,,,,,,,,,,,,,,,,,,,,,,,,,,,,,,,,,,,,,,,,,,,
49409,50 FEET FROM SR 1615 (HIGH HOUSE RD),NO SPECIAL FEATURE,STRAIGHT,,,,,,,,,,,,,,,,,,,,,,,,,,,,,,,,,,,,,,,,,,,
49421,CARY,OFF-RAMP PROPER,CURVE,,,,,,,,,,,,,,,,,,,,,,,,,,,,,,,,,,,,,,,,,,,
49423,.39 MILES FROM US 1 SB,NO SPECIAL FEATURE,STRAIGHT,,,,,,,,,,,,,,,,,,,,,,,,,,,,,,,,,,,,,,,,,,,
49434,300 FEET FROM US 1 HWY,MERGE LANE BETWEEN ON AND OFF RAMP,STRAIGHT,,,,,,,,,,,,,,,,,,,,,,,,,,,,,,,,,,,,,,,,,,,
49438,5 FEET FROM S.R.1152 (HOLLY SPRINGS RD),FOUR-WAY INTERSECTION,STRAIGHT,,,,,,,,,,,,,,,,,,,,,,,,,,,,,,,,,,,,,,,,,,,
49439,CARY,FOUR-WAY INTERSECTION,STRAIGHT,,,,,,,,,,,,,,,,,,,,,,,,,,,,,,,,,,,,,,,,,,,
49451,CARY,DRIVEWAY,,,,,,,,,,,,,,,,,,,,,,,,,,,,,,,,,,,,,,,,,,,,
49452,.33 MILES FROM US 1 NB ON RAMP,ON-RAMP ENTRY,STRAIGHT,,,,,,,,,,,,,,,,,,,,,,,,,,,,,,,,,,,,,,,,,,,
49462,0 FEET FROM SR 1009 (TRYON RD),NO SPECIAL FEATURE,STRAIGHT,,,,,,,,,,,,,,,,,,,,,,,,,,,,,,,,,,,,,,,,,,,
49463,356 FEET FROM SR 1315 (BUCK JONES RD),NO SPECIAL FEATURE,STRAIGHT,,,,,,,,,,,,,,,,,,,,,,,,,,,,,,,,,,,,,,,,,,,
49464,.21 MILES FROM US 1 SB,NO SPECIAL FEATURE,STRAIGHT,,,,,,,,,,,,,,,,,,,,,,,,,,,,,,,,,,,,,,,,,,,
49482,0.401 MILES FROM US 1,NO SPECIAL FEATURE,STRAIGHT,,,,,,,,,,,,,,,,,,,,,,,,,,,,,,,,,,,,,,,,,,,
49484,200 FEET FROM P.V.A. (1920 NW MAYNARD RD),NO SPECIAL FEATURE,STRAIGHT,,,,,,,,,,,,,,,,,,,,,,,,,,,,,,,,,,,,,,,,,,,
49489,100 FEET FROM NC HWY 55,NO SPECIAL FEATURE,STRAIGHT,,,,,,,,,,,,,,,,,,,,,,,,,,,,,,,,,,,,,,,,,,,
49492,.29 MILES FROM US 64 HWY E,NO SPECIAL FEATURE,STRAIGHT,,,,,,,,,,,,,,,,,,,,,,,,,,,,,,,,,,,,,,,,,,,
49496,.1 MILES FROM SR 1653 (EVANS RD),NO SPECIAL FEATURE,STRAIGHT,,,,,,,,,,,,,,,,,,,,,,,,,,,,,,,,,,,,,,,,,,,
49497,.83 MILES FROM US 1 HWY,NO SPECIAL FEATURE,STRAIGHT,,,,,,,,,,,,,,,,,,,,,,,,,,,,,,,,,,,,,,,,,,,
49504,425 FEET FROM US 1 HWY,NO SPECIAL FEATURE,STRAIGHT,,,,,,,,,,,,,,,,,,,,,,,,,,,,,,,,,,,,,,,,,,,
49508,60 FEET FROM SR 1652 (N. HARRISON AVE),NO SPECIAL FEATURE,STRAIGHT,,,,,,,,,,,,,,,,,,,,,,,,,,,,,,,,,,,,,,,,,,,
49514,10 FEET FROM SR 3060 (MORRISVILLE PKWY),NO SPECIAL FEATURE,STRAIGHT,,,,,,,,,,,,,,,,,,,,,,,,,,,,,,,,,,,,,,,,,,,
49517,.14 MILES FROM SR# 1613 (DAVIS DR),RELATED TO INTERSECTION,STRAIGHT,,,,,,,,,,,,,,,,,,,,,,,,,,,,,,,,,,,,,,,,,,,
49524,300 FEET FROM PVA (2861 JONES FRANKLIN RD),NO SPECIAL FEATURE,STRAIGHT,,,,,,,,,,,,,,,,,,,,,,,,,,,,,,,,,,,,,,,,,,,
49526,CARY,DRIVEWAY,,,,,,,,,,,,,,,,,,,,,,,,,,,,,,,,,,,,,,,,,,,,
49528,1 MILES FROM US 1 HWY,NO SPECIAL FEATURE,STRAIGHT,,,,,,,,,,,,,,,,,,,,,,,,,,,,,,,,,,,,,,,,,,,
49537,228 FEET FROM P.V.A. 101 RUBIN CT,NO SPECIAL FEATURE,STRAIGHT,,,,,,,,,,,,,,,,,,,,,,,,,,,,,,,,,,,,,,,,,,,
49540,150 FEET FROM SR 1615 (HIGH HOUSE RD),NO SPECIAL FEATURE,STRAIGHT,,,,,,,,,,,,,,,,,,,,,,,,,,,,,,,,,,,,,,,,,,,
49546,CARY,T-INTERSECTION,STRAIGHT,,,,,,,,,,,,,,,,,,,,,,,,,,,,,,,,,,,,,,,,,,,
49559,.3 MILES FROM P.V.A. (MIDDLE CREEK HIGH SHCO,DRIVEWAY,,,,,,,,,,,,,,,,,,,,,,,,,,,,,,,,,,,,,,,,,,,,
49561,CARY,NO SPECIAL FEATURE,STRAIGHT,,,,,,,,,,,,,,,,,,,,,,,,,,,,,,,,,,,,,,,,,,,
49575,50 FEET FROM SR 1615 (HIGH HOUSE RD),NO SPECIAL FEATURE,STRAIGHT,,,,,,,,,,,,,,,,,,,,,,,,,,,,,,,,,,,,,,,,,,,
49576,.01 MILES FROM SR3060 (MORRISVILLE PKWY),NO SPECIAL FEATURE,STRAIGHT,,,,,,,,,,,,,,,,,,,,,,,,,,,,,,,,,,,,,,,,,,,
49577,.25 MILES FROM US 1 HWY,NO SPECIAL FEATURE,STRAIGHT,,,,,,,,,,,,,,,,,,,,,,,,,,,,,,,,,,,,,,,,,,,
49578,73 FEET FROM WAR ADMIRAL CT,NO SPECIAL FEATURE,STRAIGHT,,,,,,,,,,,,,,,,,,,,,,,,,,,,,,,,,,,,,,,,,,,
49580,50 FEET FROM SR 1300 (KILDAIRE FARM RD),RELATED TO INTERSECTION,STRAIGHT,,,,,,,,,,,,,,,,,,,,,,,,,,,,,,,,,,,,,,,,,,,
49581,.25 MILES FROM US1 NB CARY,NO SPECIAL FEATURE,STRAIGHT,,,,,,,,,,,,,,,,,,,,,,,,,,,,,,,,,,,,,,,,,,,
49588,0 FEET FROM SR 1652 (N HARRISON AVE),FOUR-WAY INTERSECTION,STRAIGHT,,,,,,,,,,,,,,,,,,,,,,,,,,,,,,,,,,,,,,,,,,,
49591,.02 MILES FROM P.V.A. 2350 WALNUT ST (KOHLS),NO SPECIAL FEATURE,STRAIGHT,,,,,,,,,,,,,,,,,,,,,,,,,,,,,,,,,,,,,,,,,,,
49598,250 FEET FROM US 1 N,NO SPECIAL FEATURE,STRAIGHT,,,,,,,,,,,,,,,,,,,,,,,,,,,,,,,,,,,,,,,,,,,
49613,CARY,FOUR-WAY INTERSECTION,STRAIGHT,,,,,,,,,,,,,,,,,,,,,,,,,,,,,,,,,,,,,,,,,,,
49619,.1 MILES FROM SR 1011 (E CHATHAM ST),NO SPECIAL FEATURE,STRAIGHT,,,,,,,,,,,,,,,,,,,,,,,,,,,,,,,,,,,,,,,,,,,
49620,0 FEET FROM SR 1011 (W CHATHAM ST),FOUR-WAY INTERSECTION,STRAIGHT,,,,,,,,,,,,,,,,,,,,,,,,,,,,,,,,,,,,,,,,,,,
49621,.145 MILES FROM PVA OF 300 ASHVILLE AVE,NO SPECIAL FEATURE,STRAIGHT,,,,,,,,,,,,,,,,,,,,,,,,,,,,,,,,,,,,,,,,,,,
49624,CARY,NO SPECIAL FEATURE,STRAIGHT,,,,,,,,,,,,,,,,,,,,,,,,,,,,,,,,,,,,,,,,,,,
49625,CARY,NO SPECIAL FEATURE,STRAIGHT,,,,,,,,,,,,,,,,,,,,,,,,,,,,,,,,,,,,,,,,,,,
49629,115 FEET FROM PVA  (802 E. CHATHAM ST),DRIVEWAY,,,,,,,,,,,,,,,,,,,,,,,,,,,,,,,,,,,,,,,,,,,,
49630,CARY,T-INTERSECTION,STRAIGHT,,,,,,,,,,,,,,,,,,,,,,,,,,,,,,,,,,,,,,,,,,,
49632,10 FEET FROM SR 1615 (HIGH HOUSE RD),NO SPECIAL FEATURE,STRAIGHT,,,,,,,,,,,,,,,,,,,,,,,,,,,,,,,,,,,,,,,,,,,
49639,CARY,FOUR-WAY INTERSECTION,STRAIGHT,,,,,,,,,,,,,,,,,,,,,,,,,,,,,,,,,,,,,,,,,,,
49641,NEAR 0.01 MILES SW OF SW P.V.A. 4308 1010 (TEN TEN RD),NO SPECIAL FEATURE,STRAIGHT,,,,,,,,,,,,,,,,,,,,,,,,,,,,,,,,,,,,,,,,,,,
49642,400 FEET FROM PVA-6630  GOOD HOPE CHURCH RD,DRIVEWAY,,,,,,,,,,,,,,,,,,,,,,,,,,,,,,,,,,,,,,,,,,,,
49643,0 MILES FROM SR 1319 (JONES FRANKLIN RD),FOUR-WAY INTERSECTION,STRAIGHT,,,,,,,,,,,,,,,,,,,,,,,,,,,,,,,,,,,,,,,,,,,
49644,0 FEET FROM SR 1415 (NW MAYNARD RD),FOUR-WAY INTERSECTION,STRAIGHT,,,,,,,,,,,,,,,,,,,,,,,,,,,,,,,,,,,,,,,,,,,
49653,150 FEET FROM GREEN ALDER CT,NO SPECIAL FEATURE,CURVE,,,,,,,,,,,,,,,,,,,,,,,,,,,,,,,,,,,,,,,,,,,
49661,0 FEET FROM MACARTHUR DR,FOUR-WAY INTERSECTION,STRAIGHT,,,,,,,,,,,,,,,,,,,,,,,,,,,,,,,,,,,,,,,,,,,
49666,0.06 MILES FROM SR 1315 (BUCK JONES RD),DRIVEWAY,,,,,,,,,,,,,,,,,,,,,,,,,,,,,,,,,,,,,,,,,,,,
49676,50 FEET FROM HONEYCOMB LN,NO SPECIAL FEATURE,STRAIGHT,,,,,,,,,,,,,,,,,,,,,,,,,,,,,,,,,,,,,,,,,,,
49677,10 FEET FROM US 1 EXIT98 RAMP SB,OFF-RAMP ENTRY,STRAIGHT,,,,,,,,,,,,,,,,,,,,,,,,,,,,,,,,,,,,,,,,,,,
49679,172 FEET FROM SR 1307 (W CHATHAM ST),NO SPECIAL FEATURE,STRAIGHT,,,,,,,,,,,,,,,,,,,,,,,,,,,,,,,,,,,,,,,,,,,
49697,0 FEET FROM NC 54,T-INTERSECTION,STRAIGHT,,,,,,,,,,,,,,,,,,,,,,,,,,,,,,,,,,,,,,,,,,,
49698,50 FEET FROM SR 1415 (SE MAYNARD RD),RELATED TO INTERSECTION,STRAIGHT,,,,,,,,,,,,,,,,,,,,,,,,,,,,,,,,,,,,,,,,,,,
49702,50 FEET FROM SR 1415 (NW MAYNARD RD),NO SPECIAL FEATURE,CURVE,,,,,,,,,,,,,,,,,,,,,,,,,,,,,,,,,,,,,,,,,,,
49703,1.37 MILES FROM US 1,NO SPECIAL FEATURE,STRAIGHT,,,,,,,,,,,,,,,,,,,,,,,,,,,,,,,,,,,,,,,,,,,
49714,CARY,RELATED TO INTERSECTION,STRAIGHT,,,,,,,,,,,,,,,,,,,,,,,,,,,,,,,,,,,,,,,,,,,
49715,CARY,NO SPECIAL FEATURE,STRAIGHT,,,,,,,,,,,,,,,,,,,,,,,,,,,,,,,,,,,,,,,,,,,
49719,.20 MILES FROM SR 3977 (SWCARY PKWY),NO SPECIAL FEATURE,STRAIGHT,,,,,,,,,,,,,,,,,,,,,,,,,,,,,,,,,,,,,,,,,,,
49720,CARY,T-INTERSECTION,STRAIGHT,,,,,,,,,,,,,,,,,,,,,,,,,,,,,,,,,,,,,,,,,,,
49721,.10 MILES FROM SR1617 (CARPENTER UPCHURCH RD),NO SPECIAL FEATURE,STRAIGHT,,,,,,,,,,,,,,,,,,,,,,,,,,,,,,,,,,,,,,,,,,,
49730,292 FEET FROM S.R. 1319 (JONES FRANKLIN RD),FOUR-WAY INTERSECTION,STRAIGHT,,,,,,,,,,,,,,,,,,,,,,,,,,,,,,,,,,,,,,,,,,,
49733,25 FEET FROM SR# 1497 (CARY TOWNE BLVD),FOUR-WAY INTERSECTION,STRAIGHT,,,,,,,,,,,,,,,,,,,,,,,,,,,,,,,,,,,,,,,,,,,
49739,0 FEET FROM SR 1628 (OKELLY CHAPEL RD),NO SPECIAL FEATURE,STRAIGHT,,,,,,,,,,,,,,,,,,,,,,,,,,,,,,,,,,,,,,,,,,,
49740,200 FEET FROM SR 1313 (WALNUT ST),NO SPECIAL FEATURE,STRAIGHT,,,,,,,,,,,,,,,,,,,,,,,,,,,,,,,,,,,,,,,,,,,
49744,0.1 MILES FROM BELROSE DR,NO SPECIAL FEATURE,CURVE,,,,,,,,,,,,,,,,,,,,,,,,,,,,,,,,,,,,,,,,,,,
49747,CARY,FOUR-WAY INTERSECTION,STRAIGHT,,,,,,,,,,,,,,,,,,,,,,,,,,,,,,,,,,,,,,,,,,,
49749,.22 MILES FROM P.V.A. 6560 TRYON RD,NO SPECIAL FEATURE,STRAIGHT,,,,,,,,,,,,,,,,,,,,,,,,,,,,,,,,,,,,,,,,,,,
49757,250 FEET FROM US 1 N,,,,,,,,,,,,,,,,0,0,,,,,,,PASSENGER CAR,,,,,,11513,10/23/2021,7:06:55 AM,2021-10-23T11:06:55+00:00,,2021,No,No,10,,,,PASSENGER CAR,PASSENGER CAR,PASSENGER CAR,PASSENGER CAR
49762,.25 MILES FROM NC 55 HWY,NO SPECIAL FEATURE,STRAIGHT,,,,,,,,,,,,,,,,,,,,,,,,,,,,,,,,,,,,,,,,,,,
49764,200 FEET FROM P.V.A. 1961 HIGH HOUSE RD,NO SPECIAL FEATURE,STRAIGHT,,,,,,,,,,,,,,,,,,,,,,,,,,,,,,,,,,,,,,,,,,,
49788,100 FEET FROM SR 1613 (DAVIS DR),NO SPECIAL FEATURE,STRAIGHT,,,,,,,,,,,,,,,,,,,,,,,,,,,,,,,,,,,,,,,,,,,
49800,200 FEET FROM PVA OF 280 MEETING ST,DRIVEWAY,,,,,,,,,,,,,,,,,,,,,,,,,,,,,,,,,,,,,,,,,,,,
49815,00 FEET FROM SR 1313 (WALNUT ST),FOUR-WAY INTERSECTION,STRAIGHT,,,,,,,,,,,,,,,,,,,,,,,,,,,,,,,,,,,,,,,,,,,
49820,400 FEET FROM US 64 HWY W,NO SPECIAL FEATURE,STRAIGHT,,,,,,,,,,,,,,,,,,,,,,,,,,,,,,,,,,,,,,,,,,,
49827,.126 MILES FROM COCHET CT,NO SPECIAL FEATURE,STRAIGHT,,,,,,,,,,,,,,,,,,,,,,,,,,,,,,,,,,,,,,,,,,,
49830,.11 MILES FROM US1 NB,NO SPECIAL FEATURE,STRAIGHT,,,,,,,,,,,,,,,,,,,,,,,,,,,,,,,,,,,,,,,,,,,
49833,200 FEET FROM SR 1313 (WALNUT ST),NO SPECIAL FEATURE,STRAIGHT,,,,,,,,,,,,,,,,,,,,,,,,,,,,,,,,,,,,,,,,,,,
49846,182 FEET FROM SR 1387 (WEST LAKE RD),NO SPECIAL FEATURE,STRAIGHT,,,,,,,,,,,,,,,,,,,,,,,,,,,,,,,,,,,,,,,,,,,
49850,40 FEET FROM P.V.A. (750 E CHATHAM ST),DRIVEWAY,,,,,,,,,,,,,,,,,,,,,,,,,,,,,,,,,,,,,,,,,,,,
49864,400 FEET FROM BRIARDALE AVE,NO SPECIAL FEATURE,STRAIGHT,,,,,,,,,,,,,,,,,,,,,,,,,,,,,,,,,,,,,,,,,,,