tamainid,location_description,rdfeature,rdcharacter,rdclass,rdconfigur,rdsurface,rdcondition,lightcond,weather,trafcontrl,lat,lon,lon2,lat2,tract,zone,fatality,possblinj,numpassengers,numpedestrians,contrcir1_desc,contrcir2_desc,contrcir3_desc,contrcir4_desc,vehicle1,vehicle2,vehicle3,vehicle4,vehicle5,workarea,records,ta_date,ta_time,crash_date,geo_location,year,fatalities,injuries,month,contrfact1,contrfact2,contributing_factor,vehicleconcat1,vehicleconcat2,vehicleconcat3,vehicle_type
46320,15 FEET FROM SR 3977 (SW CARY PKWY),RELATED TO INTERSECTION,STRAIGHT,,,,,,,,,,,,,,,,,,,,,,,,,,,,,,,,,,,,,,,,,,,
46323,100 FEET FROM SR 1313 (WALNUT ST),NO SPECIAL FEATURE,STRAIGHT,,,,,,,,,,,,,,,,,,,,,,,,,,,,,,,,,,,,,,,,,,,
46328,CARY,RELATED TO INTERSECTION,STRAIGHT,,,,,,,,,,,,,,,,,,,,,,,,,,,,,,,,,,,,,,,,,,,
46330,CARY,NO SPECIAL FEATURE,STRAIGHT,,,,,,,,,,,,,,,,,,,,,,,,,,,,,,,,,,,,,,,,,,,
46331,200 FEET FROM SR 1313 (WALNUT ST.),NO SPECIAL FEATURE,STRAIGHT,,,,,,,,,,,,,,,,,,,,,,,,,,,,,,,,,,,,,,,,,,,
46350,1 MILES FROM US 1 HWY,NO SPECIAL FEATURE,STRAIGHT,,,,,,,,,,,,,,,,,,,,,,,,,,,,,,,,,,,,,,,,,,,
46358,0 FEET FROM NC 3081 (CHAPEL HILL RD),T-INTERSECTION,STRAIGHT,,,,,,,,,,,,,,,,,,,,,,,,,,,,,,,,,,,,,,,,,,,
46375,200 FEET FROM TAMWOTH HILL LN,NO SPECIAL FEATURE,STRAIGHT,,,,,,,,,,,,,,,,,,,,,,,,,,,,,,,,,,,,,,,,,,,
46383,40 FEET FROM NC 54 (CHAPEL HILL RD),RELATED TO INTERSECTION,STRAIGHT,,,,,,,,,,,,,,,,,,,,,,,,,,,,,,,,,,,,,,,,,,,
46392,.25 MILES FROM PVA OF 401 CROSSROADS BLVD,NO SPECIAL FEATURE,STRAIGHT,,,,,,,,,,,,,,,,,,,,,,,,,,,,,,,,,,,,,,,,,,,
46393,200 FEET FROM P.V.A. 8111 TRYON WOODS DR,NO SPECIAL FEATURE,STRAIGHT,,,,,,,,,,,,,,,,,,,,,,,,,,,,,,,,,,,,,,,,,,,
46395,0 FEET FROM SR1010 (TEN TEN RD),NO SPECIAL FEATURE,STRAIGHT,,,,,,,,,,,,,,,,,,,,,,,,,,,,,,,,,,,,,,,,,,,
46396,415 FEET FROM PVA (200 BRISBANE WOODS WAY),NO SPECIAL FEATURE,STRAIGHT,,,,,,,,,,,,,,,,,,,,,,,,,,,,,,,,,,,,,,,,,,,
46400,0 FEET FROM SR1300 (KILDAIRE FARM RD),FOUR-WAY INTERSECTION,STRAIGHT,,,,,,,,,,,,,,,,,,,,,,,,,,,,,,,,,,,,,,,,,,,
46401,100 FEET FROM PVA OF 2700 REGENCY PKWY,NO SPECIAL FEATURE,STRAIGHT,,,,,,,,,,,,,,,,,,,,,,,,,,,,,,,,,,,,,,,,,,,
46405,200 FEET FROM PVA OF 5055 ARCO ST,DRIVEWAY,,,,,,,,,,,,,,,,,,,,,,,,,,,,,,,,,,,,,,,,,,,,
46409,250 FEET FROM P.V.A. 107 ARBOR WAY,NO SPECIAL FEATURE,STRAIGHT,,,,,,,,,,,,,,,,,,,,,,,,,,,,,,,,,,,,,,,,,,,
46414,.25 MILES FROM SR 1009 (TRYON RD.,NO SPECIAL FEATURE,CURVE,,,,,,,,,,,,,,,,,,,,,,,,,,,,,,,,,,,,,,,,,,,
46415,CARY,NO SPECIAL FEATURE,STRAIGHT,,,,,,,,,,,,,,,,,,,,,,,,,,,,,,,,,,,,,,,,,,,
46417,100 FEET FROM SR 1011 (E CHATHAM ST),NO SPECIAL FEATURE,STRAIGHT,,,,,,,,,,,,,,,,,,,,,,,,,,,,,,,,,,,,,,,,,,,
46418,20 FEET FROM P.V.A. 1108 KILDAIRE FARM RD,NO SPECIAL FEATURE,STRAIGHT,,,,,,,,,,,,,,,,,,,,,,,,,,,,,,,,,,,,,,,,,,,
46420,25 FEET FROM P.V.A. (1401 SE MAYNARD RD),NO SPECIAL FEATURE,STRAIGHT,,,,,,,,,,,,,,,,,,,,,,,,,,,,,,,,,,,,,,,,,,,
46426,10 FEET FROM US 64,RELATED TO INTERSECTION,STRAIGHT,,,,,,,,,,,,,,,,,,,,,,,,,,,,,,,,,,,,,,,,,,,
46429,0.32 MILES FROM NC 55 HWY,NO SPECIAL FEATURE,STRAIGHT,,,,,,,,,,,,,,,,,,,,,,,,,,,,,,,,,,,,,,,,,,,
46431,60 FEET FROM P.V.A (7515 CARPENTER FIRE),NO SPECIAL FEATURE,STRAIGHT,,,,,,,,,,,,,,,,,,,,,,,,,,,,,,,,,,,,,,,,,,,
46432,.25 MILES FROM PVA (1020 BRADFORD PLAZA WAY),DRIVEWAY,,,,,,,,,,,,,,,,,,,,,,,,,,,,,,,,,,,,,,,,,,,,
46433,120 FEET FROM P.V.A. (WESTOVER HILLS DR),DRIVEWAY,,,,,,,,,,,,,,,,,,,,,,,,,,,,,,,,,,,,,,,,,,,,
46434,0 FEET FROM SR 1613 (DAVIS DR),FOUR-WAY INTERSECTION,STRAIGHT,,,,,,,,,,,,,,,,,,,,,,,,,,,,,,,,,,,,,,,,,,,
46435,0 FEET FROM SR 3014 MORRISVILLE CARPENTER,FOUR-WAY INTERSECTION,STRAIGHT,,,,,,,,,,,,,,,,,,,,,,,,,,,,,,,,,,,,,,,,,,,
46444,300 FEET FROM PVA (681 CARY TOWNE BLVD ),NO SPECIAL FEATURE,STRAIGHT,,,,,,,,,,,,,,,,,,,,,,,,,,,,,,,,,,,,,,,,,,,
46446,.01 MILES FROM PVA )1000 EVANS RD),NO SPECIAL FEATURE,STRAIGHT,,,,,,,,,,,,,,,,,,,,,,,,,,,,,,,,,,,,,,,,,,,
46448,50 FEET FROM US 65 HWY,NO SPECIAL FEATURE,STRAIGHT,,,,,,,,,,,,,,,,,,,,,,,,,,,,,,,,,,,,,,,,,,,
46452,100 FEET FROM NC 55 HWY,RELATED TO INTERSECTION,STRAIGHT,,,,,,,,,,,,,,,,,,,,,,,,,,,,,,,,,,,,,,,,,,,
46456,300 FEET FROM PVA OF 1300 AUUBON PARK DR,NO SPECIAL FEATURE,STRAIGHT,,,,,,,,,,,,,,,,,,,,,,,,,,,,,,,,,,,,,,,,,,,
46460,10 FEET FROM SR 1415 (NW MAYNARD RD),FOUR-WAY INTERSECTION,STRAIGHT,,,,,,,,,,,,,,,,,,,,,,,,,,,,,,,,,,,,,,,,,,,
46464,0 FEET FROM SR 1652 (N HARRISON AV),NO SPECIAL FEATURE,STRAIGHT,,,,,,,,,,,,,,,,,,,,,,,,,,,,,,,,,,,,,,,,,,,
46471,400 FEET FROM SR 1613 (DAVIS DR),RELATED TO INTERSECTION,STRAIGHT,,,,,,,,,,,,,,,,,,,,,,,,,,,,,,,,,,,,,,,,,,,
46475,50 FEET FROM SR-1009 (TRYON RD),RELATED TO INTERSECTION,STRAIGHT,,,,,,,,,,,,,,,,,,,,,,,,,,,,,,,,,,,,,,,,,,,
46477,77 FEET FROM PVA (GEDDY HOUSE LANE),DRIVEWAY,,,,,,,,,,,,,,,,,,,,,,,,,,,,,,,,,,,,,,,,,,,,
46482,CARY,FOUR-WAY INTERSECTION,STRAIGHT,,,,,,,,,,,,,,,,,,,,,,,,,,,,,,,,,,,,,,,,,,,
46485,496 FEET FROM SR1011 (OLD APEX RD),NO SPECIAL FEATURE,STRAIGHT,,,,,,,,,,,,,,,,,,,,,,,,,,,,,,,,,,,,,,,,,,,
46486,20 FEET FROM SR3014 (MORRISVILLE CARPENTER,FOUR-WAY INTERSECTION,STRAIGHT,,,,,,,,,,,,,,,,,,,,,,,,,,,,,,,,,,,,,,,,,,,
46499,CARY,RELATED TO INTERSECTION,STRAIGHT,,,,,,,,,,,,,,,,,,,,,,,,,,,,,,,,,,,,,,,,,,,
46500,375 FEET FROM SR 3977 (SE CARY PKWY),NO SPECIAL FEATURE,STRAIGHT,,,,,,,,,,,,,,,,,,,,,,,,,,,,,,,,,,,,,,,,,,,
46501,.25 MILES FROM SR 1010 (TEN TEN RD.),NO SPECIAL FEATURE,STRAIGHT,,,,,,,,,,,,,,,,,,,,,,,,,,,,,,,,,,,,,,,,,,,
46505,200 FEET FROM PVA (2021 WALNUT ST),NO SPECIAL FEATURE,STRAIGHT,,,,,,,,,,,,,,,,,,,,,,,,,,,,,,,,,,,,,,,,,,,
46509,75 FEET FROM P.V.A. 8010 TRYON WOODS DR,NO SPECIAL FEATURE,STRAIGHT,,,,,,,,,,,,,,,,,,,,,,,,,,,,,,,,,,,,,,,,,,,
46512,CARY,NO SPECIAL FEATURE,STRAIGHT,,,,,,,,,,,,,,,,,,,,,,,,,,,,,,,,,,,,,,,,,,,
46513,50 FEET FROM    SR 3112 (NW CARY PKWY),NO SPECIAL FEATURE,CURVE,,,,,,,,,,,,,,,,,,,,,,,,,,,,,,,,,,,,,,,,,,,
46525,CARY,T-INTERSECTION,CURVE,,,,,,,,,,,,,,,,,,,,,,,,,,,,,,,,,,,,,,,,,,,
46526,5 FEET FROM AUTO PARK BLVD,FOUR-WAY INTERSECTION,STRAIGHT,,,,,,,,,,,,,,,,,,,,,,,,,,,,,,,,,,,,,,,,,,,
46531,.01 MILES FROM SR 1652 (N HARRISON AVE),T-INTERSECTION,STRAIGHT,,,,,,,,,,,,,,,,,,,,,,,,,,,,,,,,,,,,,,,,,,,
46537,200 FEET FROM US 1 N. HWY,BRIDGE,STRAIGHT,,,,,,,,,,,,,,,,,,,,,,,,,,,,,,,,,,,,,,,,,,,
46539,250 FEET FROM S.R. 1152 (HOLLY SPRINGS RD),NO SPECIAL FEATURE,STRAIGHT,,,,,,,,,,,,,,,,,,,,,,,,,,,,,,,,,,,,,,,,,,,
46540,CARY,NO SPECIAL FEATURE,STRAIGHT,,,,,,,,,,,,,,,,,,,,,,,,,,,,,,,,,,,,,,,,,,,
46541,450 FEET FROM P.V.A. 3710 SR 1613 (DAVIS DR),NO SPECIAL FEATURE,STRAIGHT,,,,,,,,,,,,,,,,,,,,,,,,,,,,,,,,,,,,,,,,,,,
46549,NEAR CARY,T-INTERSECTION,STRAIGHT,,,,,,,,,,,,,,,,,,,,,,,,,,,,,,,,,,,,,,,,,,,
46554,0 FEET FROM US 64 HWY W,FOUR-WAY INTERSECTION,STRAIGHT,,,,,,,,,,,,,,,,,,,,,,,,,,,,,,,,,,,,,,,,,,,
46576,150 FEET FROM CLIFTON PINES DR,NO SPECIAL FEATURE,STRAIGHT,,,,,,,,,,,,,,,,,,,,,,,,,,,,,,,,,,,,,,,,,,,
46578,CARY,T-INTERSECTION,STRAIGHT,,,,,,,,,,,,,,,,,,,,,,,,,,,,,,,,,,,,,,,,,,,
46587,.02 MILES FROM CASTALIA DR,NO SPECIAL FEATURE,STRAIGHT,,,,,,,,,,,,,,,,,,,,,,,,,,,,,,,,,,,,,,,,,,,
46595,358 FEET FROM SR 1652 (N HARRISON AV),NO SPECIAL FEATURE,STRAIGHT,,,,,,,,,,,,,,,,,,,,,,,,,,,,,,,,,,,,,,,,,,,
46604,20 FEET FROM SR 1415 (NW MAYNARD RD),FOUR-WAY INTERSECTION,STRAIGHT,,,,,,,,,,,,,,,,,,,,,,,,,,,,,,,,,,,,,,,,,,,
46608,467 FEET FROM US 1 SB,NO SPECIAL FEATURE,STRAIGHT,,,,,,,,,,,,,,,,,,,,,,,,,,,,,,,,,,,,,,,,,,,
46614,0 FEET FROM SR 3014 (MORRISVILLE CARPENTER,FOUR-WAY INTERSECTION,STRAIGHT,,,,,,,,,,,,,,,,,,,,,,,,,,,,,,,,,,,,,,,,,,,
46616,100 FEET FROM SR 1300 (KILDAIRE FARM RD),NO SPECIAL FEATURE,STRAIGHT,,,,,,,,,,,,,,,,,,,,,,,,,,,,,,,,,,,,,,,,,,,
46621,0 FEET FROM SR 1415 (NE MAYNARD RD),FOUR-WAY INTERSECTION,STRAIGHT,,,,,,,,,,,,,,,,,,,,,,,,,,,,,,,,,,,,,,,,,,,
46622,400 FEET FROM P.V.A. 2041 WALNUT ST,NO SPECIAL FEATURE,STRAIGHT,,,,,,,,,,,,,,,,,,,,,,,,,,,,,,,,,,,,,,,,,,,
46625,0 FEET FROM SR 1300 (KILDAIRE FARM RD),T-INTERSECTION,STRAIGHT,,,,,,,,,,,,,,,,,,,,,,,,,,,,,,,,,,,,,,,,,,,
46644,15 FEET FROM P.V.A (1297-A BUCK JONES RD),NO SPECIAL FEATURE,STRAIGHT,,,,,,,,,,,,,,,,,,,,,,,,,,,,,,,,,,,,,,,,,,,
46647,CARY,FOUR-WAY INTERSECTION,STRAIGHT,,,,,,,,,,,,,,,,,,,,,,,,,,,,,,,,,,,,,,,,,,,
46648,335 FEET FROM P.V.A.( 1207 KILDAIRE FARM RD),NO SPECIAL FEATURE,STRAIGHT,,,,,,,,,,,,,,,,,,,,,,,,,,,,,,,,,,,,,,,,,,,
46652,339 FEET FROM SR 1415 (SE MAYNARD RD),NO SPECIAL FEATURE,STRAIGHT,,,,,,,,,,,,,,,,,,,,,,,,,,,,,,,,,,,,,,,,,,,
46653,54 FEET FROM S DIXON AV,NO SPECIAL FEATURE,STRAIGHT,,,,,,,,,,,,,,,,,,,,,,,,,,,,,,,,,,,,,,,,,,,
46658,.1 MILES FROM WALNUT ST,NO SPECIAL FEATURE,STRAIGHT,,,,,,,,,,,,,,,,,,,,,,,,,,,,,,,,,,,,,,,,,,,
46662,20 FEET FROM SR 1415(NE MAYNARD RD),RELATED TO INTERSECTION,STRAIGHT,,,,,,,,,,,,,,,,,,,,,,,,,,,,,,,,,,,,,,,,,,,
46664,.11 MILES FROM NC54 (CHAPEL HILL RD),NO SPECIAL FEATURE,STRAIGHT,,,,,,,,,,,,,,,,,,,,,,,,,,,,,,,,,,,,,,,,,,,
46667,100 FEET FROM SR 1415 (SE MAYNARD RD),RELATED TO INTERSECTION,STRAIGHT,,,,,,,,,,,,,,,,,,,,,,,,,,,,,,,,,,,,,,,,,,,
46668,130 FEET FROM P.V.A. (ELDERBERRY HILL CT),NO SPECIAL FEATURE,STRAIGHT,,,,,,,,,,,,,,,,,,,,,,,,,,,,,,,,,,,,,,,,,,,
46673,48 FEET FROM SR 3112 (NW CARY PKWY),NON-INTERSECTION MEDIAN CROSSING,STRAIGHT,,,,,,,,,,,,,,,,,,,,,,,,,,,,,,,,,,,,,,,,,,,
46682,200 FEET FROM P.V.A (1301 BUCK JONES RD),NO SPECIAL FEATURE,STRAIGHT,,,,,,,,,,,,,,,,,,,,,,,,,,,,,,,,,,,,,,,,,,,
46684,CARY,FOUR-WAY INTERSECTION,STRAIGHT,,,,,,,,,,,,,,,,,,,,,,,,,,,,,,,,,,,,,,,,,,,
46687,.5 MILES FROM US 1,NO SPECIAL FEATURE,STRAIGHT,,,,,,,,,,,,,,,,,,,,,,,,,,,,,,,,,,,,,,,,,,,
46688,40 FEET FROM PVA OF 101 KUMAR CT,NO SPECIAL FEATURE,STRAIGHT,,,,,,,,,,,,,,,,,,,,,,,,,,,,,,,,,,,,,,,,,,,
46693,100 FEET FROM BRIDLE CREEK DR,NO SPECIAL FEATURE,CURVE,,,,,,,,,,,,,,,,,,,,,,,,,,,,,,,,,,,,,,,,,,,
46703,156 FEET FROM P.V.A. (2001 WALNUT ST),NO SPECIAL FEATURE,STRAIGHT,,,,,,,,,,,,,,,,,,,,,,,,,,,,,,,,,,,,,,,,,,,
46707,240 FEET FROM P.V.A. (1065 DARRINGTON DR),NO SPECIAL FEATURE,STRAIGHT,,,,,,,,,,,,,,,,,,,,,,,,,,,,,,,,,,,,,,,,,,,
46708,50 FEET FROM P.V.A. 16000 WISDOM DR,T-INTERSECTION,STRAIGHT,,,,,,,,,,,,,,,,,,,,,,,,,,,,,,,,,,,,,,,,,,,
46711,.20 MILES FROM P.V.A (2980 KILDAIRE FARM RD),NO SPECIAL FEATURE,STRAIGHT,,,,,,,,,,,,,,,,,,,,,,,,,,,,,,,,,,,,,,,,,,,
46713,30 FEET FROM NW CARY PKWY,RELATED TO INTERSECTION,STRAIGHT,,,,,,,,,,,,,,,,,,,,,,,,,,,,,,,,,,,,,,,,,,,
46724,.1 MILES FROM US 1,,,,,,,,,,35.76311686,-78.74260016,,,P083,112,0,0,,,,,,,,,,,,,8482,1/25/2021,12:00 AM,2021-01-25T05:00:00+00:00,35.76311686,,,,,,,,,,,
46730,24 FEET FROM SR 1435 (OLD RALEIGH RD),NO SPECIAL FEATURE,STRAIGHT,,,,,,,,,,,,,,,,,,,,,,,,,,,,,,,,,,,,,,,,,,,
46745,60 FEET FROM TERRASTONE PL,DRIVEWAY,,,,,,,,,,,,,,,,,,,,,,,,,,,,,,,,,,,,,,,,,,,,
46747,NEAR .25 MILES E OF E SR 1010 (TEN TEN RD),NO SPECIAL FEATURE,STRAIGHT,,,,,,,,,,,,,,,,,,,,,,,,,,,,,,,,,,,,,,,,,,,
46749,0 FEET FROM SR 1615 (HIGH HOUSE RD),FOUR-WAY INTERSECTION,STRAIGHT,,,,,,,,,,,,,,,,,,,,,,,,,,,,,,,,,,,,,,,,,,,
46751,CARY,T-INTERSECTION,STRAIGHT,,,,,,,,,,,,,,,,,,,,,,,,,,,,,,,,,,,,,,,,,,,
46752,400 FEET FROM SR1313 (WALNUT ST),NO SPECIAL FEATURE,STRAIGHT,,,,,,,,,,,,,,,,,,,,,,,,,,,,,,,,,,,,,,,,,,,
46761,.1 MILES FROM ROZELLE VALLEY LN,NO SPECIAL FEATURE,STRAIGHT,,,,,,,,,,,,,,,,,,,,,,,,,,,,,,,,,,,,,,,,,,,
46773,50 FEET FROM SR3977(SW CARY PKWY),NO SPECIAL FEATURE,STRAIGHT,,,,,,,,,,,,,,,,,,,,,,,,,,,,,,,,,,,,,,,,,,,
46775,CARY,RELATED TO INTERSECTION,STRAIGHT,,,,,,,,,,,,,,,,,,,,,,,,,,,,,,,,,,,,,,,,,,,
46788,0.1 MILES FROM P.V.A.(1700 REGENCY PKWY),DRIVEWAY,,,,,,,,,,,,,,,,,,,,,,,,,,,,,,,,,,,,,,,,,,,,
46794,300 FEET FROM SR 1313 (WALNUT ST),OFF-RAMP TERMINAL ON CROSSROAD,STRAIGHT,,,,,,,,,,,,,,,,,,,,,,,,,,,,,,,,,,,,,,,,,,,
46796,1 MILES FROM US 1 HWY,,,,,,,,,,35.72490908,-78.81795644,,,P114,APEX,0,0,,,,,,,,,,,,,8554,12/18/2020,12:00 AM,2020-12-18T05:00:00+00:00,35.72490908,,,,,,,,,,,
46798,CARY,FOUR-WAY INTERSECTION,STRAIGHT,,,,,,,,,,,,,,,,,,,,,,,,,,,,,,,,,,,,,,,,,,,
46801,CARY,FOUR-WAY INTERSECTION,STRAIGHT,,,,,,,,,,,,,,,,,,,,,,,,,,,,,,,,,,,,,,,,,,,
46807,0 FEET FROM SR3977 (SW CARY PKWY),FOUR-WAY INTERSECTION,STRAIGHT,,,,,,,,,,,,,,,,,,,,,,,,,,,,,,,,,,,,,,,,,,,
46811,200 FEET FROM P.V.A. 1225 KILDAIRE FARM RD,NO SPECIAL FEATURE,STRAIGHT,,,,,,,,,,,,,,,,,,,,,,,,,,,,,,,,,,,,,,,,,,,
46813,0.24 MILES FROM CROSSROADS BLVD,NO SPECIAL FEATURE,STRAIGHT,,,,,,,,,,,,,,,,,,,,,,,,,,,,,,,,,,,,,,,,,,,
46823,CARY,FOUR-WAY INTERSECTION,STRAIGHT,,,,,,,,,,,,,,,,,,,,,,,,,,,,,,,,,,,,,,,,,,,
46829,0 FEET FROM SR 1415 (SW MAYNARD RD),FOUR-WAY INTERSECTION,STRAIGHT,,,,,,,,,,,,,,,,,,,,,,,,,,,,,,,,,,,,,,,,,,,
46831,170 FEET FROM P.V.A. (401 KITTY HAWK DR),NO SPECIAL FEATURE,STRAIGHT,,,,,,,,,,,,,,,,,,,,,,,,,,,,,,,,,,,,,,,,,,,
46834,CARY,NO SPECIAL FEATURE,STRAIGHT,,,,,,,,,,,,,,,,,,,,,,,,,,,,,,,,,,,,,,,,,,,
46836,250 FEET FROM S.R. 1415 (SE MAYNARD RD),NO SPECIAL FEATURE,STRAIGHT,,,,,,,,,,,,,,,,,,,,,,,,,,,,,,,,,,,,,,,,,,,
46839,75 FEET FROM SR1617 (CARPENTER UPCHURCH RD),NO SPECIAL FEATURE,CURVE,,,,,,,,,,,,,,,,,,,,,,,,,,,,,,,,,,,,,,,,,,,
46844,CARY,NO SPECIAL FEATURE,STRAIGHT,,,,,,,,,,,,,,,,,,,,,,,,,,,,,,,,,,,,,,,,,,,
46858,236 FEET FROM SR 1415 (NW MAYNARD RD),NO SPECIAL FEATURE,STRAIGHT,,,,,,,,,,,,,,,,,,,,,,,,,,,,,,,,,,,,,,,,,,,
46860,25 FEET FROM SR 3073 ( NW MAYNARD RD),NO SPECIAL FEATURE,STRAIGHT,,,,,,,,,,,,,,,,,,,,,,,,,,,,,,,,,,,,,,,,,,,
46866,20 FEET FROM P.V.A. (101-E REED ST),,,,,,,,,,,,,,,,0,0,,,,,,,,,,,,,8624,2/12/2021,9:51:32 PM,2021-02-13T02:51:32+00:00,,2021,No,No,2,,,,,,,
46869,.25 MILES FROM SR 1615 (HIGH HOUSE RD),NO SPECIAL FEATURE,STRAIGHT,,,,,,,,,,,,,,,,,,,,,,,,,,,,,,,,,,,,,,,,,,,
46889,20 FEET FROM SR# 1300 (KILDAIRE FARM RD),RELATED TO INTERSECTION,CURVE,,,,,,,,,,,,,,,,,,,,,,,,,,,,,,,,,,,,,,,,,,,
46910,50 FEET FROM SR-1313 WALNUT ST,NO SPECIAL FEATURE,STRAIGHT,,,,,,,,,,,,,,,,,,,,,,,,,,,,,,,,,,,,,,,,,,,
46913,CARY,T-INTERSECTION,STRAIGHT,,,,,,,,,,,,,,,,,,,,,,,,,,,,,,,,,,,,,,,,,,,
46933,200 FEET FROM SR 3060 (MORRISVILLE PARKWAY),NO SPECIAL FEATURE,STRAIGHT,,,,,,,,,,,,,,,,,,,,,,,,,,,,,,,,,,,,,,,,,,,
46935,CARY,FOUR-WAY INTERSECTION,STRAIGHT,,,,,,,,,,,,,,,,,,,,,,,,,,,,,,,,,,,,,,,,,,,
46941,.1 MILES FROM P.V.A. 10140 GREEN LEVEL CHURC,NO SPECIAL FEATURE,STRAIGHT,,,,,,,,,,,,,,,,,,,,,,,,,,,,,,,,,,,,,,,,,,,
46951,CARY,T-INTERSECTION,STRAIGHT,,,,,,,,,,,,,,,,,,,,,,,,,,,,,,,,,,,,,,,,,,,
46952,CARY,NO SPECIAL FEATURE,STRAIGHT,,,,,,,,,,,,,,,,,,,,,,,,,,,,,,,,,,,,,,,,,,,
46954,50 FEET FROM P.V.A. (7307 TRYON RD),NO SPECIAL FEATURE,STRAIGHT,,,,,,,,,,,,,,,,,,,,,,,,,,,,,,,,,,,,,,,,,,,
46955,50 FEET FROM P.V.A. 313 CROSSROADS BLVD,NO SPECIAL FEATURE,STRAIGHT,,,,,,,,,,,,,,,,,,,,,,,,,,,,,,,,,,,,,,,,,,,
46956,440 FEET FROM SR1415 (SE MAYNARD RD),RELATED TO INTERSECTION,STRAIGHT,,,,,,,,,,,,,,,,,,,,,,,,,,,,,,,,,,,,,,,,,,,
46960,100 FEET FROM SR 1313 (WALNUT ST),RELATED TO INTERSECTION,STRAIGHT,,,,,,,,,,,,,,,,,,,,,,,,,,,,,,,,,,,,,,,,,,,
46965,250 FEET FROM US 64 HWY,NO SPECIAL FEATURE,STRAIGHT,,,,,,,,,,,,,,,,,,,,,,,,,,,,,,,,,,,,,,,,,,,
46974,0 FEET FROM SR 1415(SW MAYNARD RD),FOUR-WAY INTERSECTION,STRAIGHT,,,,,,,,,,,,,,,,,,,,,,,,,,,,,,,,,,,,,,,,,,,
46977,0 FEET FROM SR 1615 (GREEN LEVEL WEST RD),NO SPECIAL FEATURE,STRAIGHT,,,,,,,,,,,,,,,,,,,,,,,,,,,,,,,,,,,,,,,,,,,
46981,NEAR .01 MILES E OF E SR1002 (AVIATION PKWY),RELATED TO INTERSECTION,STRAIGHT,,,,,,,,,,,,,,,,,,,,,,,,,,,,,,,,,,,,,,,,,,,
46988,0.1 MILES FROM P.V.A. 1920 NW MAYNARD RD,NO SPECIAL FEATURE,STRAIGHT,,,,,,,,,,,,,,,,,,,,,,,,,,,,,,,,,,,,,,,,,,,
46994,0 FEET FROM SR 3081 (CHAPEL HILL RD),T-INTERSECTION,STRAIGHT,,,,,,,,,,,,,,,,,,,,,,,,,,,,,,,,,,,,,,,,,,,
46995,100 FEET FROM SR1616 (OLD APEX RD),NO SPECIAL FEATURE,STRAIGHT,,,,,,,,,,,,,,,,,,,,,,,,,,,,,,,,,,,,,,,,,,,
46998,400 FEET FROM US 64 HWY,NO SPECIAL FEATURE,STRAIGHT,,,,,,,,,,,,,,,,,,,,,,,,,,,,,,,,,,,,,,,,,,,
47004,100 FEET FROM PVA 112 STARFLOWER CT,NO SPECIAL FEATURE,STRAIGHT,,,,,,,,,,,,,,,,,,,,,,,,,,,,,,,,,,,,,,,,,,,
47005,CARY,FOUR-WAY INTERSECTION,STRAIGHT,,,,,,,,,,,,,,,,,,,,,,,,,,,,,,,,,,,,,,,,,,,
47015,100 FEET FROM POPPLEFORD PL,NO SPECIAL FEATURE,STRAIGHT,,,,,,,,,,,,,,,,,,,,,,,,,,,,,,,,,,,,,,,,,,,
47017,100 FEET FROM CHAPEL HILL RD,NO SPECIAL FEATURE,STRAIGHT,,,,,,,,,,,,,,,,,,,,,,,,,,,,,,,,,,,,,,,,,,,
47018,50 FEET FROM BASS PRO LN,NO SPECIAL FEATURE,STRAIGHT,,,,,,,,,,,,,,,,,,,,,,,,,,,,,,,,,,,,,,,,,,,
47021,300 FEET FROM P.V.A. 1731 WALNUT ST,NO SPECIAL FEATURE,STRAIGHT,,,,,,,,,,,,,,,,,,,,,,,,,,,,,,,,,,,,,,,,,,,
47022,115 FEET FROM P.V.A. (191 CRESCENT COMMONS D,NO SPECIAL FEATURE,STRAIGHT,,,,,,,,,,,,,,,,,,,,,,,,,,,,,,,,,,,,,,,,,,,
47030,400 FEET FROM GATEHOUSE DR,NO SPECIAL FEATURE,CURVE,,,,,,,,,,,,,,,,,,,,,,,,,,,,,,,,,,,,,,,,,,,
47036,100 FEET FROM NOTTINGHAM DR,NO SPECIAL FEATURE,CURVE,,,,,,,,,,,,,,,,,,,,,,,,,,,,,,,,,,,,,,,,,,,
47037,150 FEET FROM P.V.A. ASHVILLE AV,NO SPECIAL FEATURE,STRAIGHT,,,,,,,,,,,,,,,,,,,,,,,,,,,,,,,,,,,,,,,,,,,
47042,223 FEET FROM SR 3081 (CHAPEL HILL RD),NO SPECIAL FEATURE,STRAIGHT,,,,,,,,,,,,,,,,,,,,,,,,,,,,,,,,,,,,,,,,,,,
47046,200 FEET FROM US 64 E.,ON-RAMP PROPER,CURVE,,,,,,,,,,,,,,,,,,,,,,,,,,,,,,,,,,,,,,,,,,,
47047,.01 MILES FROM P.V.A. 2000 WALNUT ST,NO SPECIAL FEATURE,STRAIGHT,,,,,,,,,,,,,,,,,,,,,,,,,,,,,,,,,,,,,,,,,,,