tamainid,location_description,rdfeature,rdcharacter,rdclass,rdconfigur,rdsurface,rdcondition,lightcond,weather,trafcontrl,lat,lon,lon2,lat2,tract,zone,fatality,possblinj,numpassengers,numpedestrians,contrcir1_desc,contrcir2_desc,contrcir3_desc,contrcir4_desc,vehicle1,vehicle2,vehicle3,vehicle4,vehicle5,workarea,records,ta_date,ta_time,crash_date,geo_location,year,fatalities,injuries,month,contrfact1,contrfact2,contributing_factor,vehicleconcat1,vehicleconcat2,vehicleconcat3,vehicle_type
52106,210 FEET FROM P.V.A. 150 WELLESLEY TRADE LN,,STRAIGHT,,,,,,,,,,,,,,,,,,,,,,,,,,,,,,,,,,,,,,,,,,,
52108,0 FEET FROM NC 55 HWY,T-INTERSECTION,STRAIGHT,,,,,,,,,,,,,,,,,,,,,,,,,,,,,,,,,,,,,,,,,,,
52110,CARY,FOUR-WAY INTERSECTION,STRAIGHT,,,,,,,,,,,,,,,,,,,,,,,,,,,,,,,,,,,,,,,,,,,
52111,499 FEET FROM SR# 1010 (TEN TEN RD),NO SPECIAL FEATURE,STRAIGHT,,,,,,,,,,,,,,,,,,,,,,,,,,,,,,,,,,,,,,,,,,,
52112,CARY,NO SPECIAL FEATURE,STRAIGHT,,,,,,,,,,,,,,,,,,,,,,,,,,,,,,,,,,,,,,,,,,,
52113,450 FEET FROM US 64 HWY W,NO SPECIAL FEATURE,STRAIGHT,,,,,,,,,,,,,,,,,,,,,,,,,,,,,,,,,,,,,,,,,,,
52121,CARY,FOUR-WAY INTERSECTION,STRAIGHT,,,,,,,,,,,,,,,,,,,,,,,,,,,,,,,,,,,,,,,,,,,
52125,70 FEET FROM P.V.A. (329 N HARRISON AVE),DRIVEWAY,,,,,,,,,,,,,,,,,,,,,,,,,,,,,,,,,,,,,,,,,,,,
52133,.025 MILES FROM S.R. 3097 (AVIATION PKWY),OFF-RAMP TERMINAL ON CROSSROAD,STRAIGHT,,,,,,,,,,,,,,,,,,,,,,,,,,,,,,,,,,,,,,,,,,,
52134,190 FEET FROM US 64 HWY W,NO SPECIAL FEATURE,STRAIGHT,,,,,,,,,,,,,,,,,,,,,,,,,,,,,,,,,,,,,,,,,,,
52139,150 FEET FROM SR 3081 (CHAPEL HILL RD),NO SPECIAL FEATURE,STRAIGHT,,,,,,,,,,,,,,,,,,,,,,,,,,,,,,,,,,,,,,,,,,,
52143,110 FEET FROM P.V.A. (7411 CHAPEL HILL RD),NO SPECIAL FEATURE,STRAIGHT,,,,,,,,,,,,,,,,,,,,,,,,,,,,,,,,,,,,,,,,,,,
52145,100 FEET FROM PVA (4201 CAROLINA LILLY ST),NO SPECIAL FEATURE,STRAIGHT,,,,,,,,,,,,,,,,,,,,,,,,,,,,,,,,,,,,,,,,,,,
52148,100 FEET FROM PVA 1130 BUCK JONES RD,DRIVEWAY,,,,,,,,,,,,,,,,,,,,,,,,,,,,,,,,,,,,,,,,,,,,
52149,CARY,NO SPECIAL FEATURE,STRAIGHT,,,,,,,,,,,,,,,,,,,,,,,,,,,,,,,,,,,,,,,,,,,
52153,100 FEET FROM SR1010 (TEN TEN RD),NO SPECIAL FEATURE,STRAIGHT,,,,,,,,,,,,,,,,,,,,,,,,,,,,,,,,,,,,,,,,,,,
52164,10 FEET FROM SR 3060 (MORRISVILLE PKWY),NO SPECIAL FEATURE,STRAIGHT,,,,,,,,,,,,,,,,,,,,,,,,,,,,,,,,,,,,,,,,,,,
52189,.1 MILES FROM P.V.A. (1700 REGENCY PKWY),NO SPECIAL FEATURE,STRAIGHT,,,,,,,,,,,,,,,,,,,,,,,,,,,,,,,,,,,,,,,,,,,
52192,20 FEET FROM P.V.A. SR 1315 (BUCK JONES RD.,NO SPECIAL FEATURE,STRAIGHT,,,,,,,,,,,,,,,,,,,,,,,,,,,,,,,,,,,,,,,,,,,
52193,290 FEET FROM PVA 1000 DOMINION OAK CIR,NO SPECIAL FEATURE,STRAIGHT,,,,,,,,,,,,,,,,,,,,,,,,,,,,,,,,,,,,,,,,,,,
52195,118 FEET FROM S.R. 1313 (WALNUT ST),RELATED TO INTERSECTION,STRAIGHT,,,,,,,,,,,,,,,,,,,,,,,,,,,,,,,,,,,,,,,,,,,
52200,.02 MILES FROM P.V.A. 1700 REGENCY PKWY,NO SPECIAL FEATURE,STRAIGHT,,,,,,,,,,,,,,,,,,,,,,,,,,,,,,,,,,,,,,,,,,,
52211,30 FEET FROM PVA (7600 ROBERTS RD),NO SPECIAL FEATURE,STRAIGHT,,,,,,,,,,,,,,,,,,,,,,,,,,,,,,,,,,,,,,,,,,,
52224,250 FEET FROM P.V.A. (204 CROSSROADS BLVD),NO SPECIAL FEATURE,STRAIGHT,,,,,,,,,,,,,,,,,,,,,,,,,,,,,,,,,,,,,,,,,,,
52228,CARY,FOUR-WAY INTERSECTION,STRAIGHT,,,,,,,,,,,,,,,,,,,,,,,,,,,,,,,,,,,,,,,,,,,
52230,25 FEET FROM NC 55 HWY,NO SPECIAL FEATURE,STRAIGHT,,,,,,,,,,,,,,,,,,,,,,,,,,,,,,,,,,,,,,,,,,,
52240,200 FEET FROM SR 1300 (KILDAIRE FARM RD),NO SPECIAL FEATURE,STRAIGHT,,,,,,,,,,,,,,,,,,,,,,,,,,,,,,,,,,,,,,,,,,,
52246,CARY,T-INTERSECTION,STRAIGHT,,,,,,,,,,,,,,,,,,,,,,,,,,,,,,,,,,,,,,,,,,,
52255,.17 MILES FROM P.V.A (300 AIRGATE DR),NO SPECIAL FEATURE,STRAIGHT,,,,,,,,,,,,,,,,,,,,,,,,,,,,,,,,,,,,,,,,,,,
52258,.27 MILES FROM S.R. 1009 (TRYON RD),NO SPECIAL FEATURE,STRAIGHT,,,,,,,,,,,,,,,,,,,,,,,,,,,,,,,,,,,,,,,,,,,
52266,72 FEET FROM SR 1497 (CARY TOWNE BLVD),NO SPECIAL FEATURE,STRAIGHT,,,,,,,,,,,,,,,,,,,,,,,,,,,,,,,,,,,,,,,,,,,
52274,.02 MILES FROM P.V.A. 2430 WALNUT ST,NO SPECIAL FEATURE,STRAIGHT,,,,,,,,,,,,,,,,,,,,,,,,,,,,,,,,,,,,,,,,,,,
52290,CARY,FOUR-WAY INTERSECTION,STRAIGHT,,,,,,,,,,,,,,,,,,,,,,,,,,,,,,,,,,,,,,,,,,,
52291,CARY,FOUR-WAY INTERSECTION,STRAIGHT,,,,,,,,,,,,,,,,,,,,,,,,,,,,,,,,,,,,,,,,,,,
52295,0 FEET FROM E DURHAM RD,FOUR-WAY INTERSECTION,STRAIGHT,,,,,,,,,,,,,,,,,,,,,,,,,,,,,,,,,,,,,,,,,,,
52299,CARY,FOUR-WAY INTERSECTION,STRAIGHT,,,,,,,,,,,,,,,,,,,,,,,,,,,,,,,,,,,,,,,,,,,
52301,72 FEET FROM SR 1497 (CARY TOWNE BLVD),,,,,,,,,,,,-78.7642,33.7758,,,0,0,,,,,,,,,,,,,14057,6/12/2022,1:31:14 PM,2022-06-12T17:31:14+00:00,,2022,No,No,6,,,,,,,
52302,275 FEET FROM US 64 HWY W,NO SPECIAL FEATURE,STRAIGHT,,,,,,,,,,,,,,,,,,,,,,,,,,,,,,,,,,,,,,,,,,,
52319,CARY,NO SPECIAL FEATURE,STRAIGHT,,,,,,,,,,,,,,,,,,,,,,,,,,,,,,,,,,,,,,,,,,,
52333,135 FEET FROM PVA 1111 WALNUT ST,NO SPECIAL FEATURE,STRAIGHT,,,,,,,,,,,,,,,,,,,,,,,,,,,,,,,,,,,,,,,,,,,
52343,70 FEET FROM P.V.A. 973 SR 1652 (N HARRISON,NO SPECIAL FEATURE,STRAIGHT,,,,,,,,,,,,,,,,,,,,,,,,,,,,,,,,,,,,,,,,,,,
52346,CARY,FOUR-WAY INTERSECTION,STRAIGHT,,,,,,,,,,,,,,,,,,,,,,,,,,,,,,,,,,,,,,,,,,,
52348,CARY,FOUR-WAY INTERSECTION,STRAIGHT,,,,,,,,,,,,,,,,,,,,,,,,,,,,,,,,,,,,,,,,,,,
52354,0 FEET FROM S. R. 3977 (S.E. CARY PKWY),DRIVEWAY,,,,,,,,,,,,,,,,,,,,,,,,,,,,,,,,,,,,,,,,,,,,
52361,150 FEET FROM US 1,ON-RAMP ENTRY,CURVE,,,,,,,,,,,,,,,,,,,,,,,,,,,,,,,,,,,,,,,,,,,
52364,25 FEET FROM P.V.A.(210 CROSSROADS BLVD),DRIVEWAY,,,,,,,,,,,,,,,,,,,,,,,,,,,,,,,,,,,,,,,,,,,,
52370,50 FEET FROM P.V.A 600 NEW WAVERLY PL,DRIVEWAY,,,,,,,,,,,,,,,,,,,,,,,,,,,,,,,,,,,,,,,,,,,,
52379,.2 MILES FROM US 64 HWY W,NO SPECIAL FEATURE,STRAIGHT,,,,,,,,,,,,,,,,,,,,,,,,,,,,,,,,,,,,,,,,,,,
52380,.08 MILES FROM KILDAIRE FARM RD SR# 1300,NO SPECIAL FEATURE,STRAIGHT,,,,,,,,,,,,,,,,,,,,,,,,,,,,,,,,,,,,,,,,,,,
52392,50 FEET FROM P.V.A.(103 PARKWAY OFFICE CT),DRIVEWAY,,,,,,,,,,,,,,,,,,,,,,,,,,,,,,,,,,,,,,,,,,,,
52396,CARY,T-INTERSECTION,CURVE,,,,,,,,,,,,,,,,,,,,,,,,,,,,,,,,,,,,,,,,,,,
52397,75 FEET FROM P.V.A. (1000 ESSEX FOREST DR),NO SPECIAL FEATURE,STRAIGHT,,,,,,,,,,,,,,,,,,,,,,,,,,,,,,,,,,,,,,,,,,,
52401,.1 MILES FROM S. R. 1415 E. MAYNARD RD),NO SPECIAL FEATURE,STRAIGHT,,,,,,,,,,,,,,,,,,,,,,,,,,,,,,,,,,,,,,,,,,,
52404,CARY,FOUR-WAY INTERSECTION,STRAIGHT,,,,,,,,,,,,,,,,,,,,,,,,,,,,,,,,,,,,,,,,,,,
52415,100 FEET FROM PVA OF 2010 SR 1300 (KILDAIRE,DRIVEWAY,,,,,,,,,,,,,,,,,,,,,,,,,,,,,,,,,,,,,,,,,,,,
52419,.01 MILES FROM NC 55 HWY,NO SPECIAL FEATURE,STRAIGHT,,,,,,,,,,,,,,,,,,,,,,,,,,,,,,,,,,,,,,,,,,,
52425,50 FEET FROM NC-55 HWY,NO SPECIAL FEATURE,STRAIGHT,,,,,,,,,,,,,,,,,,,,,,,,,,,,,,,,,,,,,,,,,,,
52430,1.35 MILES FROM US 1 HWY S,NO SPECIAL FEATURE,STRAIGHT,,,,,,,,,,,,,,,,,,,,,,,,,,,,,,,,,,,,,,,,,,,
52432,200 FEET FROM PVA OF 3710 DAVIS DR,DRIVEWAY,,,,,,,,,,,,,,,,,,,,,,,,,,,,,,,,,,,,,,,,,,,,
52433,.3 MILES FROM US 1,NO SPECIAL FEATURE,STRAIGHT,,,,,,,,,,,,,,,,,,,,,,,,,,,,,,,,,,,,,,,,,,,
52434,100 FEET FROM SR 4067 (EDERLEE DR),NO SPECIAL FEATURE,CURVE,,,,,,,,,,,,,,,,,,,,,,,,,,,,,,,,,,,,,,,,,,,
52437,.16 MILES FROM SR 3081 (CHAPEL HILL RD),NO SPECIAL FEATURE,STRAIGHT,,,,,,,,,,,,,,,,,,,,,,,,,,,,,,,,,,,,,,,,,,,
52441,163 FEET FROM P.V.A. (8010 TRYON WOODS DR),NO SPECIAL FEATURE,STRAIGHT,,,,,,,,,,,,,,,,,,,,,,,,,,,,,,,,,,,,,,,,,,,
52446,128 FEET FROM S.R. 1300 (KILDAIRE FARM RD),RELATED TO INTERSECTION,STRAIGHT,,,,,,,,,,,,,,,,,,,,,,,,,,,,,,,,,,,,,,,,,,,
52462,300 FEET FROM P.V.A. 330 CROSSROADS BLVD,NO SPECIAL FEATURE,STRAIGHT,,,,,,,,,,,,,,,,,,,,,,,,,,,,,,,,,,,,,,,,,,,
52466,100 FEET FROM EASTON GREY LOOP,NO SPECIAL FEATURE,STRAIGHT,,,,,,,,,,,,,,,,,,,,,,,,,,,,,,,,,,,,,,,,,,,
52474,186 FEET FROM P.V.A. 1140 PARKSIDE MAIN ST,NO SPECIAL FEATURE,STRAIGHT,,,,,,,,,,,,,,,,,,,,,,,,,,,,,,,,,,,,,,,,,,,
52479,35 FEET FROM PVA (8010 TRYON WOODS DR.),NO SPECIAL FEATURE,STRAIGHT,,,,,,,,,,,,,,,,,,,,,,,,,,,,,,,,,,,,,,,,,,,
52484,375 FEET FROM S.R. 1415 (SE MAYNARD RD),NO SPECIAL FEATURE,STRAIGHT,,,,,,,,,,,,,,,,,,,,,,,,,,,,,,,,,,,,,,,,,,,
52489,0 FEET FROM SR 1615 (HIGH HOUSE RD),FOUR-WAY INTERSECTION,STRAIGHT,,,,,,,,,,,,,,,,,,,,,,,,,,,,,,,,,,,,,,,,,,,
52493,0.3 MILES FROM CAITBOO AVE,NO SPECIAL FEATURE,STRAIGHT,,,,,,,,,,,,,,,,,,,,,,,,,,,,,,,,,,,,,,,,,,,
52496,15 FEET FROM CARYWOOD DR,RELATED TO INTERSECTION,STRAIGHT,,,,,,,,,,,,,,,,,,,,,,,,,,,,,,,,,,,,,,,,,,,
52503,.28 MILES FROM 401 CROSSROADS BLVD PVA,NO SPECIAL FEATURE,STRAIGHT,,,,,,,,,,,,,,,,,,,,,,,,,,,,,,,,,,,,,,,,,,,
52505,499 FEET FROM SR 3977 (SW CARY PKWY),NO SPECIAL FEATURE,STRAIGHT,,,,,,,,,,,,,,,,,,,,,,,,,,,,,,,,,,,,,,,,,,,
52506,100 FEET FROM NC 55 HWY,RELATED TO INTERSECTION,STRAIGHT,,,,,,,,,,,,,,,,,,,,,,,,,,,,,,,,,,,,,,,,,,,
52507,.13 MILES FROM SR 1415 (SE MAYNARD RD),NO SPECIAL FEATURE,STRAIGHT,,,,,,,,,,,,,,,,,,,,,,,,,,,,,,,,,,,,,,,,,,,
52514,.11 MILES FROM SR 1621 (GREEN HOPE SCHOOL RD),NO SPECIAL FEATURE,CURVE,,,,,,,,,,,,,,,,,,,,,,,,,,,,,,,,,,,,,,,,,,,
52517,.214 MILES FROM PVA PETSMART,NO SPECIAL FEATURE,STRAIGHT,,,,,,,,,,,,,,,,,,,,,,,,,,,,,,,,,,,,,,,,,,,
52519,CARY,T-INTERSECTION,STRAIGHT,,,,,,,,,,,,,,,,,,,,,,,,,,,,,,,,,,,,,,,,,,,
52520,.15 MILES FROM WESTON PKWY,NO SPECIAL FEATURE,STRAIGHT,,,,,,,,,,,,,,,,,,,,,,,,,,,,,,,,,,,,,,,,,,,
52521,299 FEET FROM PARKSIDE MAIN ST,NO SPECIAL FEATURE,CURVE,,,,,,,,,,,,,,,,,,,,,,,,,,,,,,,,,,,,,,,,,,,
52525,CARY,DRIVEWAY,,,,,,,,,,,,,,,,,,,,,,,,,,,,,,,,,,,,,,,,,,,,
52527,.17 MILES FROM US 64 HWY W,NO SPECIAL FEATURE,STRAIGHT,,,,,,,,,,,,,,,,,,,,,,,,,,,,,,,,,,,,,,,,,,,
52536,100 FEET FROM SR 1615 (HIGH HOUSE RD),RELATED TO INTERSECTION,STRAIGHT,,,,,,,,,,,,,,,,,,,,,,,,,,,,,,,,,,,,,,,,,,,
52537,80 FEET FROM P.V.A. (9924 CHAPEL HILL RD),NO SPECIAL FEATURE,STRAIGHT,,,,,,,,,,,,,,,,,,,,,,,,,,,,,,,,,,,,,,,,,,,
52540,.25 MILES FROM SR 4067 (REGENCY PKWY),NO SPECIAL FEATURE,CURVE,,,,,,,,,,,,,,,,,,,,,,,,,,,,,,,,,,,,,,,,,,,
52548,CARY,FOUR-WAY INTERSECTION,STRAIGHT,,,,,,,,,,,,,,,,,,,,,,,,,,,,,,,,,,,,,,,,,,,
52549,42 FEET FROM P.V.A (8204 TRYON WOODS DR),NO SPECIAL FEATURE,STRAIGHT,,,,,,,,,,,,,,,,,,,,,,,,,,,,,,,,,,,,,,,,,,,
52556,0 FEET FROM LONGCHAMP LN,NO SPECIAL FEATURE,STRAIGHT,,,,,,,,,,,,,,,,,,,,,,,,,,,,,,,,,,,,,,,,,,,
52559,.1 MILES FROM PVA 105 COLLIER PL,NO SPECIAL FEATURE,STRAIGHT,,,,,,,,,,,,,,,,,,,,,,,,,,,,,,,,,,,,,,,,,,,
52560,80 FEET FROM 1 HWY OFF RAMP,RELATED TO INTERSECTION,CURVE,,,,,,,,,,,,,,,,,,,,,,,,,,,,,,,,,,,,,,,,,,,
52561,10 FEET FROM SPRUCE ST,T-INTERSECTION,STRAIGHT,,,,,,,,,,,,,,,,,,,,,,,,,,,,,,,,,,,,,,,,,,,
52563,100 FEET FROM PVA (5150 NELSON RD),NO SPECIAL FEATURE,STRAIGHT,,,,,,,,,,,,,,,,,,,,,,,,,,,,,,,,,,,,,,,,,,,
52569,.01 MILES FROM SR1652 (N. HARRISON AVE),NO SPECIAL FEATURE,STRAIGHT,,,,,,,,,,,,,,,,,,,,,,,,,,,,,,,,,,,,,,,,,,,
52572,371 FEET FROM SR 1497 (CARY TOWNE BLVD),FOUR-WAY INTERSECTION,STRAIGHT,,,,,,,,,,,,,,,,,,,,,,,,,,,,,,,,,,,,,,,,,,,
52576,440 FEET FROM P.V.A. (3480 KILDAIRE FARM RD),NO SPECIAL FEATURE,STRAIGHT,,,,,,,,,,,,,,,,,,,,,,,,,,,,,,,,,,,,,,,,,,,
52579,400 FEET FROM US 1 NB,NO SPECIAL FEATURE,STRAIGHT,,,,,,,,,,,,,,,,,,,,,,,,,,,,,,,,,,,,,,,,,,,
52581,CARY,FOUR-WAY INTERSECTION,STRAIGHT,,,,,,,,,,,,,,,,,,,,,,,,,,,,,,,,,,,,,,,,,,,
52588,267 FEET FROM P.V.A. (231 GRANDE HEIGHTS DR),NO SPECIAL FEATURE,STRAIGHT,,,,,,,,,,,,,,,,,,,,,,,,,,,,,,,,,,,,,,,,,,,
52598,150 FEET FROM PVA OF 2458 SR 3977 (SW CARY P,DRIVEWAY,,,,,,,,,,,,,,,,,,,,,,,,,,,,,,,,,,,,,,,,,,,,
52611,200 FEET FROM P.V.A. (999 HIGH HOUSE RD),NO SPECIAL FEATURE,STRAIGHT,,,,,,,,,,,,,,,,,,,,,,,,,,,,,,,,,,,,,,,,,,,
52616,280 FEET FROM P.V.A. (191 CRESCENT COMMONS D,NO SPECIAL FEATURE,CURVE,,,,,,,,,,,,,,,,,,,,,,,,,,,,,,,,,,,,,,,,,,,
52620,0 FEET FROM SR 1313 (WALNUT ST),FOUR-WAY INTERSECTION,STRAIGHT,,,,,,,,,,,,,,,,,,,,,,,,,,,,,,,,,,,,,,,,,,,
52622,5 FEET FROM S.R. 1628 (OKELLY CHAPEL RD.),RELATED TO INTERSECTION,STRAIGHT,,,,,,,,,,,,,,,,,,,,,,,,,,,,,,,,,,,,,,,,,,,
52623,CARY,ON-RAMP ENTRY,STRAIGHT,,,,,,,,,,,,,,,,,,,,,,,,,,,,,,,,,,,,,,,,,,,
52624,.21 MILES FROM NC 55 HWY,NO SPECIAL FEATURE,STRAIGHT,,,,,,,,,,,,,,,,,,,,,,,,,,,,,,,,,,,,,,,,,,,
52626,0 FEET FROM SR 1147 (EVANS RD),FOUR-WAY INTERSECTION,STRAIGHT,,,,,,,,,,,,,,,,,,,,,,,,,,,,,,,,,,,,,,,,,,,
52628,200 FEET FROM P.V.A. (3026 RIVER BOTTOM RD),NO SPECIAL FEATURE,STRAIGHT,,,,,,,,,,,,,,,,,,,,,,,,,,,,,,,,,,,,,,,,,,,
52632,CARY,FOUR-WAY INTERSECTION,STRAIGHT,,,,,,,,,,,,,,,,,,,,,,,,,,,,,,,,,,,,,,,,,,,
52636,35 FEET FROM NC 55 HWY,RELATED TO INTERSECTION,STRAIGHT,,,,,,,,,,,,,,,,,,,,,,,,,,,,,,,,,,,,,,,,,,,
52638,0 FEET FROM SR 3073 (NW MAYANRD RD),FOUR-WAY INTERSECTION,STRAIGHT,,,,,,,,,,,,,,,,,,,,,,,,,,,,,,,,,,,,,,,,,,,
52641,140 FEET FROM HORSEPOND CT,OTHER *,STRAIGHT,,,,,,,,,,,,,,,,,,,,,,,,,,,,,,,,,,,,,,,,,,,
52643,CARY,FOUR-WAY INTERSECTION,STRAIGHT,,,,,,,,,,,,,,,,,,,,,,,,,,,,,,,,,,,,,,,,,,,
52644,200 FEET FROM P.V.A. (INNOVATION AVE),NO SPECIAL FEATURE,STRAIGHT,,,,,,,,,,,,,,,,,,,,,,,,,,,,,,,,,,,,,,,,,,,
52645,CARY,T-INTERSECTION,STRAIGHT,,,,,,,,,,,,,,,,,,,,,,,,,,,,,,,,,,,,,,,,,,,
52655,268 FEET FROM SR 1009 (TRYON RD),,,STATE SECONDARY ROUTE,TWO-WAY,,,,,,,,,,,,,,,,,,,,,,,,,,,,,,,,,,,,,,,,,
52658,400 FEET FROM SR 1010 (TEN TEN RD),NO SPECIAL FEATURE,CURVE,,,,,,,,,,,,,,,,,,,,,,,,,,,,,,,,,,,,,,,,,,,
52664,CARY,NO SPECIAL FEATURE,STRAIGHT,,,,,,,,,,,,,,,,,,,,,,,,,,,,,,,,,,,,,,,,,,,
52669,100 FEET FROM P.V.A. (801 HIGH HOUSE RD),NO SPECIAL FEATURE,STRAIGHT,,,,,,,,,,,,,,,,,,,,,,,,,,,,,,,,,,,,,,,,,,,
52673,25 FEET FROM P.V.A. 500 E CHATHAM ST,NO SPECIAL FEATURE,STRAIGHT,,,,,,,,,,,,,,,,,,,,,,,,,,,,,,,,,,,,,,,,,,,
52674,499 FEET FROM SR4067(REGENCY PKWY),NO SPECIAL FEATURE,STRAIGHT,,,,,,,,,,,,,,,,,,,,,,,,,,,,,,,,,,,,,,,,,,,
52675,0 FEET FROM SR 1652 (N HARRISON AVE),T-INTERSECTION,STRAIGHT,,,,,,,,,,,,,,,,,,,,,,,,,,,,,,,,,,,,,,,,,,,
52689,25 FEET FROM SR1009 (TRYON RD),RELATED TO INTERSECTION,STRAIGHT,,,,,,,,,,,,,,,,,,,,,,,,,,,,,,,,,,,,,,,,,,,
52703,150 FEET FROM US 1 HWY NB,NO SPECIAL FEATURE,STRAIGHT,,,,,,,,,,,,,,,,,,,,,,,,,,,,,,,,,,,,,,,,,,,
52705,350 FEET FROM P.V.A. (3494 KILDAIRE FARM RD),NO SPECIAL FEATURE,STRAIGHT,,,,,,,,,,,,,,,,,,,,,,,,,,,,,,,,,,,,,,,,,,,
52708,15 FEET FROM SR 5878 (OLD APEX RD),RELATED TO INTERSECTION,STRAIGHT,,,,,,,,,,,,,,,,,,,,,,,,,,,,,,,,,,,,,,,,,,,
52709,20 FEET FROM P.V.A 2020 BOULDERSTONE WAY,NO SPECIAL FEATURE,STRAIGHT,,,,,,,,,,,,,,,,,,,,,,,,,,,,,,,,,,,,,,,,,,,
52714,0 FEET FROM SR 1630 (GREEN LEVEL CHURCH RD,FOUR-WAY INTERSECTION,STRAIGHT,,,,,,,,,,,,,,,,,,,,,,,,,,,,,,,,,,,,,,,,,,,
52715,40 FEET FROM P.V.A. (1205 NE MAYNARD RD),NO SPECIAL FEATURE,STRAIGHT,,,,,,,,,,,,,,,,,,,,,,,,,,,,,,,,,,,,,,,,,,,
52722,30 FEET FROM DONALDSON DR,T-INTERSECTION,STRAIGHT,,,,,,,,,,,,,,,,,,,,,,,,,,,,,,,,,,,,,,,,,,,
52727,CARY,,,,,,,,,,,,,,,,0,0,5,,,,,,,,,,,,14483,7/13/2022,6:56:55 PM,2022-07-13T22:56:55+00:00,,2022,No,No,7,,,,,,,
52728,200 FEET FROM SR 3014 (MORRISVILLE CARPENTER,NO SPECIAL FEATURE,STRAIGHT,,,,,,,,,,,,,,,,,,,,,,,,,,,,,,,,,,,,,,,,,,,
52743,0 FEET FROM SR 4067 (REGENCY PKWY),FOUR-WAY INTERSECTION,STRAIGHT,,,,,,,,,,,,,,,,,,,,,,,,,,,,,,,,,,,,,,,,,,,
52744,100 FEET FROM PVA 1815 WALNUT ST,DRIVEWAY,,,,,,,,,,,,,,,,,,,,,,,,,,,,,,,,,,,,,,,,,,,,
52747,0 FEET FROM SR 3120 (MORRISVILLE PKWY),FOUR-WAY INTERSECTION,STRAIGHT,,,,,,,,,,,,,,,,,,,,,,,,,,,,,,,,,,,,,,,,,,,
52749,.3 MILES FROM US 1,NO SPECIAL FEATURE,STRAIGHT,,,,,,,,,,,,,,,,,,,,,,,,,,,,,,,,,,,,,,,,,,,
52752,5 FEET FROM P.V.A. (2840 NC HWY 55),NO SPECIAL FEATURE,STRAIGHT,,,,,,,,,,,,,,,,,,,,,,,,,,,,,,,,,,,,,,,,,,,
52758,146 FEET FROM KINDLETREE CT,NO SPECIAL FEATURE,STRAIGHT,,,,,,,,,,,,,,,,,,,,,,,,,,,,,,,,,,,,,,,,,,,
52762,300 FEET FROM US 1 HWY SB,NO SPECIAL FEATURE,STRAIGHT,,,,,,,,,,,,,,,,,,,,,,,,,,,,,,,,,,,,,,,,,,,
52765,.19 MILES FROM P.V.A. (2734 NC 55 HWY),NO SPECIAL FEATURE,STRAIGHT,,,,,,,,,,,,,,,,,,,,,,,,,,,,,,,,,,,,,,,,,,,
52770,20 FEET FROM SR 5808 (E CHATHAM ST),NO SPECIAL FEATURE,STRAIGHT,,,,,,,,,,,,,,,,,,,,,,,,,,,,,,,,,,,,,,,,,,,
52774,.115 MILES FROM S.R. 1319 (JONES FRANKLIN RD),RELATED TO INTERSECTION,STRAIGHT,,,,,,,,,,,,,,,,,,,,,,,,,,,,,,,,,,,,,,,,,,,
52776,308 FEET FROM HIGH MEADOWS DR,T-INTERSECTION,STRAIGHT,,,,,,,,,,,,,,,,,,,,,,,,,,,,,,,,,,,,,,,,,,,
52779,CARY,NO SPECIAL FEATURE,STRAIGHT,,,,,,,,,,,,,,,,,,,,,,,,,,,,,,,,,,,,,,,,,,,
52785,300 FEET FROM P.V.A.(1413 HAMPTON VALLEY RD),DRIVEWAY,,,,,,,,,,,,,,,,,,,,,,,,,,,,,,,,,,,,,,,,,,,,
52792,0 FEET FROM SR 1652 (N HARRISON AVE),FOUR-WAY INTERSECTION,STRAIGHT,,,,,,,,,,,,,,,,,,,,,,,,,,,,,,,,,,,,,,,,,,,
52804,30 FEET FROM P.V.A (2021 WALNUT ST),NO SPECIAL FEATURE,STRAIGHT,,,,,,,,,,,,,,,,,,,,,,,,,,,,,,,,,,,,,,,,,,,
52807,CARY,FOUR-WAY INTERSECTION,STRAIGHT,,,,,,,,,,,,,,,,,,,,,,,,,,,,,,,,,,,,,,,,,,,
52811,100 FEET FROM N HARRISON AVE,RAILROAD CROSSING,STRAIGHT,,,,,,,,,,,,,,,,,,,,,,,,,,,,,,,,,,,,,,,,,,,
52821,475 FEET FROM SR 3112 (NW CARY PKWY),NO SPECIAL FEATURE,CURVE,,,,,,,,,,,,,,,,,,,,,,,,,,,,,,,,,,,,,,,,,,,
52823,CARY,FOUR-WAY INTERSECTION,STRAIGHT,,,,,,,,,,,,,,,,,,,,,,,,,,,,,,,,,,,,,,,,,,,
52827,0.09 MILES FROM LAUREL PARK PL,NO SPECIAL FEATURE,STRAIGHT,,,,,,,,,,,,,,,,,,,,,,,,,,,,,,,,,,,,,,,,,,,
52831,30 FEET FROM PVA 1607 WALNUT ST,DRIVEWAY,,,,,,,,,,,,,,,,,,,,,,,,,,,,,,,,,,,,,,,,,,,,
52838,CARY,FOUR-WAY INTERSECTION,STRAIGHT,,,,,,,,,,,,,,,,,,,,,,,,,,,,,,,,,,,,,,,,,,,
52845,50 FEET FROM P.V.A.(638 WALNUT ST),DRIVEWAY,,,,,,,,,,,,,,,,,,,,,,,,,,,,,,,,,,,,,,,,,,,,