tamainid,location_description,rdfeature,rdcharacter,rdclass,rdconfigur,rdsurface,rdcondition,lightcond,weather,trafcontrl,lat,lon,lon2,lat2,tract,zone,fatality,possblinj,numpassengers,numpedestrians,contrcir1_desc,contrcir2_desc,contrcir3_desc,contrcir4_desc,vehicle1,vehicle2,vehicle3,vehicle4,vehicle5,workarea,records,ta_date,ta_time,crash_date,geo_location,year,fatalities,injuries,month,contrfact1,contrfact2,contributing_factor,vehicleconcat1,vehicleconcat2,vehicleconcat3,vehicle_type
53718,100 FEET FROM PVA OF SR 1300 (1207 KILDAIRE,NO SPECIAL FEATURE,STRAIGHT,,,,,,,,,,,,,,,,,,,,,,,,,,,,,,,,,,,,,,,,,,,
53732,CARY,NO SPECIAL FEATURE,STRAIGHT,,,,,,,,,,,,,,,,,,,,,,,,,,,,,,,,,,,,,,,,,,,
53733,10 FEET FROM SR 3081 (CHAPEL HILL RD),,,,,,,,,,35.78789024,-78.78116903,-78.776052,35.791901,P125,120,0,0,,1,,,,,,,,,,,15487,10/4/2022,2:05:47 PM,2022-10-04T18:05:47+00:00,35.78789024,,,,,,,,,,,
53744,55 FEET FROM S.R.1313(WALNUT ST),NO SPECIAL FEATURE,STRAIGHT,,,,,,,,,,,,,,,,,,,,,,,,,,,,,,,,,,,,,,,,,,,
53746,320 FEET FROM P.V.A. 1391 SR 1300 (KILDAIRE,NO SPECIAL FEATURE,STRAIGHT,,,,,,,,,,,,,,,,,,,,,,,,,,,,,,,,,,,,,,,,,,,
53755,0.11 MILES FROM 130 WOODWINDS INDUSTRIAL CT,NO SPECIAL FEATURE,STRAIGHT,,,,,,,,,,,,,,,,,,,,,,,,,,,,,,,,,,,,,,,,,,,
53770,160 FEET FROM SR1652 (N. HARRISON AVE),NO SPECIAL FEATURE,STRAIGHT,,,,,,,,,,,,,,,,,,,,,,,,,,,,,,,,,,,,,,,,,,,
53780,.2 MILES FROM P.V.A. 2500 SR 1617,NO SPECIAL FEATURE,STRAIGHT,,,,,,,,,,,,,,,,,,,,,,,,,,,,,,,,,,,,,,,,,,,
53781,.1 MILES FROM P.V.A. (2151 DAVIS DR),NO SPECIAL FEATURE,STRAIGHT,,,,,,,,,,,,,,,,,,,,,,,,,,,,,,,,,,,,,,,,,,,
53782,0 FEET FROM SR1010 (TEN TEN RD),T-INTERSECTION,STRAIGHT,,,,,,,,,,,,,,,,,,,,,,,,,,,,,,,,,,,,,,,,,,,
53790,CARY,FOUR-WAY INTERSECTION,STRAIGHT,,,,,,,,,,,,,,,,,,,,,,,,,,,,,,,,,,,,,,,,,,,
53793,50 FEET FROM US 1 HWY,NO SPECIAL FEATURE,STRAIGHT,,,,,,,,,,,,,,,,,,,,,,,,,,,,,,,,,,,,,,,,,,,
53807,CARY,NO SPECIAL FEATURE,STRAIGHT,,,,,,,,,,,,,,,,,,,,,,,,,,,,,,,,,,,,,,,,,,,
53814,300 FEET FROM NC 55 HWY,NO SPECIAL FEATURE,STRAIGHT,,,,,,,,,,,,,,,,,,,,,,,,,,,,,,,,,,,,,,,,,,,
53817,.06 MILES FROM NW MAYNARD RD SR# 1415,NO SPECIAL FEATURE,STRAIGHT,,,,,,,,,,,,,,,,,,,,,,,,,,,,,,,,,,,,,,,,,,,
53831,100 FEET FROM P.V.A (5859 TRYON RD),DRIVEWAY,,,,,,,,,,,,,,,,,,,,,,,,,,,,,,,,,,,,,,,,,,,,
53833,75 FEET FROM SR 1313 (WALNUT ST),RELATED TO INTERSECTION,STRAIGHT,,,,,,,,,,,,,,,,,,,,,,,,,,,,,,,,,,,,,,,,,,,
53835,.09 MILES FROM S.R. 1415 SE MAYNARD RD,NO SPECIAL FEATURE,STRAIGHT,,,,,,,,,,,,,,,,,,,,,,,,,,,,,,,,,,,,,,,,,,,
53838,450 FEET FROM US HWY 1 S,NO SPECIAL FEATURE,STRAIGHT,,,,,,,,,,,,,,,,,,,,,,,,,,,,,,,,,,,,,,,,,,,
53839,0 FEET FROM SR 1415 (SE MAYNARD RD),,,,,,,,,,,,,,,,0,0,,,,,,,,,,,,,15593,10/19/2022,8:07:56 AM,2022-10-19T12:07:56+00:00,,2022,No,No,10,,,,,,,
53842,150 FEET FROM SR 1616 (OLD APEX RD),RELATED TO INTERSECTION,STRAIGHT,,,,,,,,,,,,,,,,,,,,,,,,,,,,,,,,,,,,,,,,,,,
53846,406 FEET FROM P.V.A. OF 2060 S.R. 1300,NO SPECIAL FEATURE,STRAIGHT,,,,,,,,,,,,,,,,,,,,,,,,,,,,,,,,,,,,,,,,,,,
53851,157 FEET FROM BYRUM ST,NO SPECIAL FEATURE,STRAIGHT,,,,,,,,,,,,,,,,,,,,,,,,,,,,,,,,,,,,,,,,,,,
53853,CARY,,,,,,,,,,,,,,,,0,1,,,,,,,VAN,PASSENGER CAR,,,,,15607,10/19/2022,4:57:50 AM,2022-10-19T08:57:50+00:00,,2022,No,Yes,10,,,,VAN,,,
53854,CARY,RELATED TO INTERSECTION,STRAIGHT,,,,,,,,,,,,,,,,,,,,,,,,,,,,,,,,,,,,,,,,,,,
53855,112 FEET FROM SR 1616 (OLD APEX RD),NO SPECIAL FEATURE,STRAIGHT,,,,,,,,,,,,,,,,,,,,,,,,,,,,,,,,,,,,,,,,,,,
53859,1 FEET FROM SR 3081 (CHAPEL HILL RD),NO SPECIAL FEATURE,STRAIGHT,,,,,,,,,,,,,,,,,,,,,,,,,,,,,,,,,,,,,,,,,,,
53864,200 FEET FROM P.V.A. 200 AIRGATE DR,DRIVEWAY,,,,,,,,,,,,,,,,,,,,,,,,,,,,,,,,,,,,,,,,,,,,
53865,.24 MILES FROM US 1 HWY,NO SPECIAL FEATURE,STRAIGHT,,,,,,,,,,,,,,,,,,,,,,,,,,,,,,,,,,,,,,,,,,,
53866,200 FEET FROM P.V.A. (8850 CHAPEL HILL RD),NO SPECIAL FEATURE,STRAIGHT,,,,,,,,,,,,,,,,,,,,,,,,,,,,,,,,,,,,,,,,,,,
53867,314 FEET FROM UPROCK DR,NO SPECIAL FEATURE,STRAIGHT,,,,,,,,,,,,,,,,,,,,,,,,,,,,,,,,,,,,,,,,,,,
53869,360 FEET FROM P.V.A. (187 HIGH HOUSE RD),NO SPECIAL FEATURE,STRAIGHT,,,,,,,,,,,,,,,,,,,,,,,,,,,,,,,,,,,,,,,,,,,
53877,.2 MILES FROM LOUIS STEPHENS DR,NO SPECIAL FEATURE,CURVE,,,,,,,,,,,,,,,,,,,,,,,,,,,,,,,,,,,,,,,,,,,
53885,112 FEET FROM P.V.A. (440 CROSSROADS BLVD),NO SPECIAL FEATURE,STRAIGHT,,,,,,,,,,,,,,,,,,,,,,,,,,,,,,,,,,,,,,,,,,,
53887,CARY,NO SPECIAL FEATURE,STRAIGHT,,,,,,,,,,,,,,,,,,,,,,,,,,,,,,,,,,,,,,,,,,,
53897,0 FEET FROM WILKINSON AVE,FOUR-WAY INTERSECTION,STRAIGHT,,,,,,,,,,,,,,,,,,,,,,,,,,,,,,,,,,,,,,,,,,,
53903,100 FEET FROM SR1415 (MAYNARD RD),NO SPECIAL FEATURE,STRAIGHT,,,,,,,,,,,,,,,,,,,,,,,,,,,,,,,,,,,,,,,,,,,
53909,200 FEET FROM PVA 1301 BUCK JONES RD,NO SPECIAL FEATURE,STRAIGHT,,,,,,,,,,,,,,,,,,,,,,,,,,,,,,,,,,,,,,,,,,,
53919,100 FEET FROM P.V.A. (313 COLONADES WAY),NO SPECIAL FEATURE,STRAIGHT,,,,,,,,,,,,,,,,,,,,,,,,,,,,,,,,,,,,,,,,,,,
53920,439 FEET FROM SR 1415 (SE MAYNARD RD),DRIVEWAY,,,,,,,,,,,,,,,,,,,,,,,,,,,,,,,,,,,,,,,,,,,,
53921,0 FEET FROM SR1009 (TRYON RD),FOUR-WAY INTERSECTION,STRAIGHT,,,,,,,,,,,,,,,,,,,,,,,,,,,,,,,,,,,,,,,,,,,
53922,86 FEET FROM P.V.A. (204 CROSSROADS BLVD),NO SPECIAL FEATURE,STRAIGHT,,,,,,,,,,,,,,,,,,,,,,,,,,,,,,,,,,,,,,,,,,,
53934,.31 MILES FROM SR 1423 (PINEY PLAINS RD),NO SPECIAL FEATURE,STRAIGHT,,,,,,,,,,,,,,,,,,,,,,,,,,,,,,,,,,,,,,,,,,,
53940,50 FEET FROM I540,OFF-RAMP TERMINAL ON CROSSROAD,CURVE,,,,,,,,,,,,,,,,,,,,,,,,,,,,,,,,,,,,,,,,,,,
53954,CARY,NO SPECIAL FEATURE,STRAIGHT,,,,,,,,,,,,,,,,,,,,,,,,,,,,,,,,,,,,,,,,,,,
53955,100 FEET FROM US 1 HWY SB,NO SPECIAL FEATURE,STRAIGHT,,,,,,,,,,,,,,,,,,,,,,,,,,,,,,,,,,,,,,,,,,,
53964,50 FEET FROM US 64 HWY,NO SPECIAL FEATURE,STRAIGHT,,,,,,,,,,,,,,,,,,,,,,,,,,,,,,,,,,,,,,,,,,,
53971,200 FEET FROM P.V.A. (316-206C COLONADES WAY,NO SPECIAL FEATURE,STRAIGHT,,,,,,,,,,,,,,,,,,,,,,,,,,,,,,,,,,,,,,,,,,,
53974,.10 MILES FROM US HWY 1,NO SPECIAL FEATURE,STRAIGHT,,,,,,,,,,,,,,,,,,,,,,,,,,,,,,,,,,,,,,,,,,,
53985,244 FEET FROM P.V.A. 301 N HARRISON AVE,NO SPECIAL FEATURE,STRAIGHT,,,,,,,,,,,,,,,,,,,,,,,,,,,,,,,,,,,,,,,,,,,
53988,150 FEET FROM P.P. (EDENHURST AVE),NO SPECIAL FEATURE,CURVE,,,,,,,,,,,,,,,,,,,,,,,,,,,,,,,,,,,,,,,,,,,
54001,100 FEET FROM SR 1300 (KILDAIRE FARM RD),NO SPECIAL FEATURE,STRAIGHT,,,,,,,,,,,,,,,,,,,,,,,,,,,,,,,,,,,,,,,,,,,
54004,10 FEET FROM SR 1624 (CARPENTER FIRE STATIO,RELATED TO INTERSECTION,STRAIGHT,,,,,,,,,,,,,,,,,,,,,,,,,,,,,,,,,,,,,,,,,,,
54006,84 FEET FROM S.R. 1600(GREEN LEVEL CHURCH R,NO SPECIAL FEATURE,STRAIGHT,,,,,,,,,,,,,,,,,,,,,,,,,,,,,,,,,,,,,,,,,,,
54011,.5 MILES FROM P.V.A. 115 WOODWINDS INDUSTRIA,NO SPECIAL FEATURE,STRAIGHT,,,,,,,,,,,,,,,,,,,,,,,,,,,,,,,,,,,,,,,,,,,
54015,40 FEET FROM SR 1600 (GREEN LEVEL CHURCH),RELATED TO INTERSECTION,STRAIGHT,,,,,,,,,,,,,,,,,,,,,,,,,,,,,,,,,,,,,,,,,,,
54022,90 FEET FROM PVA (1055 HATCHES POND LN),DRIVEWAY,,,,,,,,,,,,,,,,,,,,,,,,,,,,,,,,,,,,,,,,,,,,
54033,.2 MILES FROM P.V.A. (2234 WALNUT ST),NO SPECIAL FEATURE,STRAIGHT,,,,,,,,,,,,,,,,,,,,,,,,,,,,,,,,,,,,,,,,,,,
54044,100 FEET FROM P.V.A COOGEE LN,DRIVEWAY,,,,,,,,,,,,,,,,,,,,,,,,,,,,,,,,,,,,,,,,,,,,
54048,3 FEET FROM WALDO ROOD BLVD,RELATED TO INTERSECTION,STRAIGHT,,,,,,,,,,,,,,,,,,,,,,,,,,,,,,,,,,,,,,,,,,,
54054,50 FEET FROM P.V.A. 802 E CHATHAM ST,NO SPECIAL FEATURE,STRAIGHT,,,,,,,,,,,,,,,,,,,,,,,,,,,,,,,,,,,,,,,,,,,
54055,100 FEET FROM SR 1300 (KILDAIRE FARM RD),RELATED TO INTERSECTION,STRAIGHT,,,,,,,,,,,,,,,,,,,,,,,,,,,,,,,,,,,,,,,,,,,
54062,191 FEET FROM S.R.1319(JONES FRANKLIN RD),NO SPECIAL FEATURE,STRAIGHT,,,,,,,,,,,,,,,,,,,,,,,,,,,,,,,,,,,,,,,,,,,
54066,210 FEET FROM P.V.A. (2021 WALNUT ST),NO SPECIAL FEATURE,STRAIGHT,,,,,,,,,,,,,,,,,,,,,,,,,,,,,,,,,,,,,,,,,,,
54070,300 FEET FROM US 64,NO SPECIAL FEATURE,STRAIGHT,,,,,,,,,,,,,,,,,,,,,,,,,,,,,,,,,,,,,,,,,,,
54080,180 FEET FROM SR 1415 (SE MAYNARD RD),NO SPECIAL FEATURE,STRAIGHT,,,,,,,,,,,,,,,,,,,,,,,,,,,,,,,,,,,,,,,,,,,
54087,CARY,FOUR-WAY INTERSECTION,STRAIGHT,,,,,,,,,,,,,,,,,,,,,,,,,,,,,,,,,,,,,,,,,,,
54106,.25 MILES FROM US 64 HWY W,NO SPECIAL FEATURE,STRAIGHT,,,,,,,,,,,,,,,,,,,,,,,,,,,,,,,,,,,,,,,,,,,
54109,.5 MILES FROM P.V.A. 6770 MCCRIMMON PKWY,NO SPECIAL FEATURE,STRAIGHT,,,,,,,,,,,,,,,,,,,,,,,,,,,,,,,,,,,,,,,,,,,
54113,CARY,FOUR-WAY INTERSECTION,STRAIGHT,,,,,,,,,,,,,,,,,,,,,,,,,,,,,,,,,,,,,,,,,,,
54117,5 FEET FROM HIGH MEADOW DR,RELATED TO INTERSECTION,STRAIGHT,,,,,,,,,,,,,,,,,,,,,,,,,,,,,,,,,,,,,,,,,,,
54126,.1 MILES FROM P.V.A 1815 WALNUT ST,NO SPECIAL FEATURE,CURVE,,,,,,,,,,,,,,,,,,,,,,,,,,,,,,,,,,,,,,,,,,,
54130,100 FEET FROM SR 3977 (SE CARY PKWY),RELATED TO INTERSECTION,STRAIGHT,,,,,,,,,,,,,,,,,,,,,,,,,,,,,,,,,,,,,,,,,,,
54140,400 FEET FROM P.V.A. (203 CROSSROADS BLVD),NO SPECIAL FEATURE,STRAIGHT,,,,,,,,,,,,,,,,,,,,,,,,,,,,,,,,,,,,,,,,,,,
54143,0.160 MILES FROM WRENN DR,NO SPECIAL FEATURE,STRAIGHT,,,,,,,,,,,,,,,,,,,,,,,,,,,,,,,,,,,,,,,,,,,
54145,380 FEET FROM SR1415 (NE MAYNARD RD),NO SPECIAL FEATURE,STRAIGHT,,,,,,,,,,,,,,,,,,,,,,,,,,,,,,,,,,,,,,,,,,,
54154,400 FEET FROM S.R 3073 (NW MAYNARD RD),NO SPECIAL FEATURE,STRAIGHT,,,,,,,,,,,,,,,,,,,,,,,,,,,,,,,,,,,,,,,,,,,
54156,CARY,T-INTERSECTION,STRAIGHT,,,,,,,,,,,,,,,,,,,,,,,,,,,,,,,,,,,,,,,,,,,
54158,5 FEET FROM PVA (550 NEW WAVERLY PL.),NO SPECIAL FEATURE,STRAIGHT,,,,,,,,,,,,,,,,,,,,,,,,,,,,,,,,,,,,,,,,,,,
54160,.09 MILES FROM (S.R. 3112) NW CARY PKWY,NO SPECIAL FEATURE,STRAIGHT,,,,,,,,,,,,,,,,,,,,,,,,,,,,,,,,,,,,,,,,,,,
54161,0.2 MILES FROM SR 1628 (OKELLY CHAPEL RD),RELATED TO INTERSECTION,STRAIGHT,,,,,,,,,,,,,,,,,,,,,,,,,,,,,,,,,,,,,,,,,,,
54180,CARY,FOUR-WAY INTERSECTION,STRAIGHT,,,,,,,,,,,,,,,,,,,,,,,,,,,,,,,,,,,,,,,,,,,
54184,CARY,NO SPECIAL FEATURE,STRAIGHT,,,,,,,,,,,,,,,,,,,,,,,,,,,,,,,,,,,,,,,,,,,
54186,375 FEET FROM P.V.A. (2010 KILDAIRE FARM RD),NO SPECIAL FEATURE,STRAIGHT,,,,,,,,,,,,,,,,,,,,,,,,,,,,,,,,,,,,,,,,,,,
54190,.2 MILES FROM SR 1313 (WALNUT ST),NO SPECIAL FEATURE,STRAIGHT,,,,,,,,,,,,,,,,,,,,,,,,,,,,,,,,,,,,,,,,,,,
54191,.1 MILES FROM P.V.A. (1920 NW MAYNARD RD),NO SPECIAL FEATURE,STRAIGHT,,,,,,,,,,,,,,,,,,,,,,,,,,,,,,,,,,,,,,,,,,,
54193,CARY,FOUR-WAY INTERSECTION,STRAIGHT,,,,,,,,,,,,,,,,,,,,,,,,,,,,,,,,,,,,,,,,,,,
54200,0.23 MILES FROM COLONADES WAY,NO SPECIAL FEATURE,STRAIGHT,,,,,,,,,,,,,,,,,,,,,,,,,,,,,,,,,,,,,,,,,,,
54203,150 FEET FROM SR 3977 SW CARY PKWY,NO SPECIAL FEATURE,CURVE,,,,,,,,,,,,,,,,,,,,,,,,,,,,,,,,,,,,,,,,,,,
54208,CARY,FOUR-WAY INTERSECTION,STRAIGHT,,,,,,,,,,,,,,,,,,,,,,,,,,,,,,,,,,,,,,,,,,,
54209,.18 MILES FROM SR# 3011 (JENKS CARPENTER),NO SPECIAL FEATURE,STRAIGHT,,,,,,,,,,,,,,,,,,,,,,,,,,,,,,,,,,,,,,,,,,,
54216,.10 MILES FROM MEETING ST,NO SPECIAL FEATURE,STRAIGHT,,,,,,,,,,,,,,,,,,,,,,,,,,,,,,,,,,,,,,,,,,,
54225,15 FEET FROM US 64,NO SPECIAL FEATURE,STRAIGHT,,,,,,,,,,,,,,,,,,,,,,,,,,,,,,,,,,,,,,,,,,,
54226,15 FEET FROM US 64,NO SPECIAL FEATURE,STRAIGHT,,,,,,,,,,,,,,,,,,,,,,,,,,,,,,,,,,,,,,,,,,,
54229,CARY,FOUR-WAY INTERSECTION,STRAIGHT,,,,,,,,,,,,,,,,,,,,,,,,,,,,,,,,,,,,,,,,,,,
54231,100 FEET FROM SR1313 (WALNUT ST),NO SPECIAL FEATURE,STRAIGHT,,,,,,,,,,,,,,,,,,,,,,,,,,,,,,,,,,,,,,,,,,,
54241,50 FEET FROM SR 1415 (NW MAYNARD RD),RELATED TO INTERSECTION,STRAIGHT,,,,,,,,,,,,,,,,,,,,,,,,,,,,,,,,,,,,,,,,,,,
54251,0.2 MILES FROM SR 1011 (OLD APEX RD),NO SPECIAL FEATURE,,STATE SECONDARY ROUTE,TWO-WAY,,,,,,,,,,,,,,,,,,,,,,,,,,,,,,,,,,,,,,,,,
54262,130 FEET FROM P.V.A. (118 S ACADEMY ST),NO SPECIAL FEATURE,STRAIGHT,,,,,,,,,,,,,,,,,,,,,,,,,,,,,,,,,,,,,,,,,,,
54263,20 FEET FROM NC 55,NO SPECIAL FEATURE,STRAIGHT,,,,,,,,,,,,,,,,,,,,,,,,,,,,,,,,,,,,,,,,,,,
54270,1 MILES FROM U.S 1,OFF-RAMP ENTRY,STRAIGHT,,,,,,,,,,,,,,,,,,,,,,,,,,,,,,,,,,,,,,,,,,,
54274,100 FEET FROM SR 1002 (AVIATION PKWY),NO SPECIAL FEATURE,STRAIGHT,,,,,,,,,,,,,,,,,,,,,,,,,,,,,,,,,,,,,,,,,,,
54276,330 FEET FROM NC 55 HWY,NO SPECIAL FEATURE,STRAIGHT,,,,,,,,,,,,,,,,,,,,,,,,,,,,,,,,,,,,,,,,,,,
54281,CARY,FOUR-WAY INTERSECTION,STRAIGHT,,,,,,,,,,,,,,,,,,,,,,,,,,,,,,,,,,,,,,,,,,,
54284,CARY,RELATED TO INTERSECTION,STRAIGHT,,,,,,,,,,,,,,,,,,,,,,,,,,,,,,,,,,,,,,,,,,,
54286,35 FEET FROM PVA (3480 KILDAIRE FARM RD.),NO SPECIAL FEATURE,STRAIGHT,,,,,,,,,,,,,,,,,,,,,,,,,,,,,,,,,,,,,,,,,,,
54289,100 FEET FROM SR1415 (NW MAYNARD RD),NO SPECIAL FEATURE,STRAIGHT,,,,,,,,,,,,,,,,,,,,,,,,,,,,,,,,,,,,,,,,,,,
54298,CARY,FOUR-WAY INTERSECTION,STRAIGHT,,,,,,,,,,,,,,,,,,,,,,,,,,,,,,,,,,,,,,,,,,,
54302,330 FEET FROM P.P. (CROSSROADS BLVD),DRIVEWAY,,,,,,,,,,,,,,,,,,,,,,,,,,,,,,,,,,,,,,,,,,,,
54306,50 FEET FROM SR 1600 (GREEN LEVEL CH RD),NO SPECIAL FEATURE,STRAIGHT,,,,,,,,,,,,,,,,,,,,,,,,,,,,,,,,,,,,,,,,,,,
54312,5 FEET FROM PVA (2810 NC 55),NO SPECIAL FEATURE,STRAIGHT,,,,,,,,,,,,,,,,,,,,,,,,,,,,,,,,,,,,,,,,,,,
54313,.25 MILES FROM S.R.1313 (WALNUT ST),NO SPECIAL FEATURE,STRAIGHT,,,,,,,,,,,,,,,,,,,,,,,,,,,,,,,,,,,,,,,,,,,
54316,1.3 MILES FROM US 1 HWY NB,NO SPECIAL FEATURE,STRAIGHT,,,,,,,,,,,,,,,,,,,,,,,,,,,,,,,,,,,,,,,,,,,
54322,CARY,NO SPECIAL FEATURE,STRAIGHT,,,,,,,,,,,,,,,,,,,,,,,,,,,,,,,,,,,,,,,,,,,
54324,499 FEET FROM SR 1300 (KILDAIRE FARM RD),NO SPECIAL FEATURE,STRAIGHT,,,,,,,,,,,,,,,,,,,,,,,,,,,,,,,,,,,,,,,,,,,
54339,40 FEET FROM P.V.A. (832 OLD APEX RD),DRIVEWAY,,,,,,,,,,,,,,,,,,,,,,,,,,,,,,,,,,,,,,,,,,,,
54349,350 FEET FROM P.V.A. (187 HIGH HOUSE RD),NO SPECIAL FEATURE,STRAIGHT,,,,,,,,,,,,,,,,,,,,,,,,,,,,,,,,,,,,,,,,,,,
54351,5 FEET FROM S.R.1009 (TRYON RD),RELATED TO INTERSECTION,STRAIGHT,,,,,,,,,,,,,,,,,,,,,,,,,,,,,,,,,,,,,,,,,,,
54356,190 FEET FROM P.V.A. (1210 KILDAIRE FARM RD),NO SPECIAL FEATURE,STRAIGHT,,,,,,,,,,,,,,,,,,,,,,,,,,,,,,,,,,,,,,,,,,,
54367,CARY,FOUR-WAY INTERSECTION,STRAIGHT,,,,,,,,,,,,,,,,,,,,,,,,,,,,,,,,,,,,,,,,,,,
54379,362 FEET FROM SR 5808 (E CHATHAM ST),NO SPECIAL FEATURE,STRAIGHT,,,,,,,,,,,,,,,,,,,,,,,,,,,,,,,,,,,,,,,,,,,
54381,.2 MILES FROM US1 HWY SB,NO SPECIAL FEATURE,STRAIGHT,,,,,,,,,,,,,,,,,,,,,,,,,,,,,,,,,,,,,,,,,,,
54383,CARY,NO SPECIAL FEATURE,STRAIGHT,,,,,,,,,,,,,,,,,,,,,,,,,,,,,,,,,,,,,,,,,,,
54385,CARY,FOUR-WAY INTERSECTION,STRAIGHT,,,,,,,,,,,,,,,,,,,,,,,,,,,,,,,,,,,,,,,,,,,
54391,300 FEET FROM P.V.A. 8111 TRYON WOODS DR,,,,,,,,,,,,,,,,0,0,,,,,,,VAN,,,,,,16145,12/2/2022,4:13:42 PM,2022-12-02T21:13:42+00:00,,2022,No,No,12,,,,VAN,VAN,VAN,VAN
54398,10 FEET FROM S.R.1300 (KILDAIRE FARM RD),NO SPECIAL FEATURE,STRAIGHT,,,,,,,,,,,,,,,,,,,,,,,,,,,,,,,,,,,,,,,,,,,
54402,100 FEET FROM SR 1652 (N HARRISON AVE),NO SPECIAL FEATURE,STRAIGHT,,,,,,,,,,,,,,,,,,,,,,,,,,,,,,,,,,,,,,,,,,,
54405,200 FEET FROM SR1300 (KILDAIRE FARM RD),NO SPECIAL FEATURE,STRAIGHT,,,,,,,,,,,,,,,,,,,,,,,,,,,,,,,,,,,,,,,,,,,
54412,CARY,FOUR-WAY INTERSECTION,STRAIGHT,,,,,,,,,,,,,,,,,,,,,,,,,,,,,,,,,,,,,,,,,,,
54415,450 FEET FROM SR 1313 (WALNUT STREET),NO SPECIAL FEATURE,STRAIGHT,,,,,,,,,,,,,,,,,,,,,,,,,,,,,,,,,,,,,,,,,,,
54425,200 FEET FROM P.V.A. 1937 HIGH HOUSE RD,NO SPECIAL FEATURE,STRAIGHT,,,,,,,,,,,,,,,,,,,,,,,,,,,,,,,,,,,,,,,,,,,
54429,175 FEET FROM 135 - 100 PARKWAY OFFICE CT,NO SPECIAL FEATURE,STRAIGHT,,,,,,,,,,,,,,,,,,,,,,,,,,,,,,,,,,,,,,,,,,,
54431,350 FEET FROM P.V.A. (PARKSIDE TOWN COMMONS),DRIVEWAY,,,,,,,,,,,,,,,,,,,,,,,,,,,,,,,,,,,,,,,,,,,,
54436,CARY,DRIVEWAY,,,,,,,,,,,,,,,,,,,,,,,,,,,,,,,,,,,,,,,,,,,,
54446,CARY,FOUR-WAY INTERSECTION,STRAIGHT,,,,,,,,,,,,,,,,,,,,,,,,,,,,,,,,,,,,,,,,,,,
54450,173 FEET FROM SR 1300 (KILDAIRE FARM RD),RELATED TO INTERSECTION,STRAIGHT,,,,,,,,,,,,,,,,,,,,,,,,,,,,,,,,,,,,,,,,,,,
54454,100 FEET FROM S.R.1009 (TRYON RD),NO SPECIAL FEATURE,STRAIGHT,,,,,,,,,,,,,,,,,,,,,,,,,,,,,,,,,,,,,,,,,,,
54456,20 FEET FROM PVA (203 COLONADES WAY),NO SPECIAL FEATURE,STRAIGHT,,,,,,,,,,,,,,,,,,,,,,,,,,,,,,,,,,,,,,,,,,,
54462,.25 MILES FROM P.V.A. 1253 BUCK JONES RD,NO SPECIAL FEATURE,STRAIGHT,,,,,,,,,,,,,,,,,,,,,,,,,,,,,,,,,,,,,,,,,,,
54466,CARY,NO SPECIAL FEATURE,STRAIGHT,,,,,,,,,,,,,,,,,,,,,,,,,,,,,,,,,,,,,,,,,,,
54469,CARY,FOUR-WAY INTERSECTION,STRAIGHT,,,,,,,,,,,,,,,,,,,,,,,,,,,,,,,,,,,,,,,,,,,
54476,0.2 MILES FROM US HWY 1 N,NO SPECIAL FEATURE,STRAIGHT,,,,,,,,,,,,,,,,,,,,,,,,,,,,,,,,,,,,,,,,,,,
54478,50 FEET FROM SR 1313 (WALNUT ST),NO SPECIAL FEATURE,STRAIGHT,,,,,,,,,,,,,,,,,,,,,,,,,,,,,,,,,,,,,,,,,,,
54481,265 FEET FROM LARBOARD DR,NO SPECIAL FEATURE,STRAIGHT,,,,,,,,,,,,,,,,,,,,,,,,,,,,,,,,,,,,,,,,,,,
54482,46 FEET FROM P.V.A. (5110 ALSTON GLEN DR),NO SPECIAL FEATURE,STRAIGHT,,,,,,,,,,,,,,,,,,,,,,,,,,,,,,,,,,,,,,,,,,,
54486,50 FEET FROM SR 1010 (TEN TEN RD),RELATED TO INTERSECTION,STRAIGHT,,,,,,,,,,,,,,,,,,,,,,,,,,,,,,,,,,,,,,,,,,,
54489,400 FEET FROM US 64 EB,NO SPECIAL FEATURE,STRAIGHT,,,,,,,,,,,,,,,,,,,,,,,,,,,,,,,,,,,,,,,,,,,
54491,300 FEET FROM SR3060 (MORRISVILLE PKWY),FOUR-WAY INTERSECTION,STRAIGHT,,,,,,,,,,,,,,,,,,,,,,,,,,,,,,,,,,,,,,,,,,,
54492,70 FEET FROM SR 1300 (KILDAIRE FARM RD),FOUR-WAY INTERSECTION,STRAIGHT,,,,,,,,,,,,,,,,,,,,,,,,,,,,,,,,,,,,,,,,,,,
54494,200 FEET FROM 300 LARNED LOOP,NO SPECIAL FEATURE,CURVE,,,,,,,,,,,,,,,,,,,,,,,,,,,,,,,,,,,,,,,,,,,
54498,350 FEET FROM U.S. 64 HWY,NO SPECIAL FEATURE,STRAIGHT,,,,,,,,,,,,,,,,,,,,,,,,,,,,,,,,,,,,,,,,,,,
54504,0 FEET FROM SR 1009 (TRYON RD),FOUR-WAY INTERSECTION,STRAIGHT,,,,,,,,,,,,,,,,,,,,,,,,,,,,,,,,,,,,,,,,,,,
54508,CARY,NO SPECIAL FEATURE,STRAIGHT,,,,,,,,,,,,,,,,,,,,,,,,,,,,,,,,,,,,,,,,,,,