tamainid,location_description,rdfeature,rdcharacter,rdclass,rdconfigur,rdsurface,rdcondition,lightcond,weather,trafcontrl,lat,lon,lon2,lat2,tract,zone,fatality,possblinj,numpassengers,numpedestrians,contrcir1_desc,contrcir2_desc,contrcir3_desc,contrcir4_desc,vehicle1,vehicle2,vehicle3,vehicle4,vehicle5,workarea,records,ta_date,ta_time,crash_date,geo_location,year,fatalities,injuries,month,contrfact1,contrfact2,contributing_factor,vehicleconcat1,vehicleconcat2,vehicleconcat3,vehicle_type
59702,.1 MILES FROM BROOK ARBOR DR,NO SPECIAL FEATURE,CURVE,,,,,,,,,,,,,,,,,,,,,,,,,,,,,,,,,,,,,,,,,,,
59703,55 FEET FROM 1307,NO SPECIAL FEATURE,STRAIGHT,,,,,,,,,,,,,,,,,,,,,,,,,,,,,,,,,,,,,,,,,,,
59705,.14 MILES FROM 1319,NO SPECIAL FEATURE,STRAIGHT,,,,,,,,,,,,,,,,,,,,,,,,,,,,,,,,,,,,,,,,,,,
59706,300 FEET FROM 1,,,,,,,,,,,,-78.795764,35.735711,,,0,0,,,,,,,PICKUP,PASSENGER CAR,,,,,20461,10/6/2023,3:39:00 AM,2023-10-06T07:39:00+00:00,,2023,No,No,10,,,,PICKUP,,,
59714,CARY,FOUR-WAY INTERSECTION,STRAIGHT,,,,,,,,,,,,,,,,,,,,,,,,,,,,,,,,,,,,,,,,,,,
59719,CARY,RELATED TO INTERSECTION,STRAIGHT,,,,,,,,,,,,,,,,,,,,,,,,,,,,,,,,,,,,,,,,,,,
59721,.25 MILES FROM 1624,NO SPECIAL FEATURE,STRAIGHT,,,,,,,,,,,,,,,,,,,,,,,,,,,,,,,,,,,,,,,,,,,
59723,235 FEET FROM BOLTON GRANT DR,NO SPECIAL FEATURE,STRAIGHT,,,,,,,,,,,,,,,,,,,,,,,,,,,,,,,,,,,,,,,,,,,
59729,50 FEET FROM 1415,NO SPECIAL FEATURE,STRAIGHT,,,,,,,,,,,,,,,,,,,,,,,,,,,,,,,,,,,,,,,,,,,
59731,CARY,FOUR-WAY INTERSECTION,STRAIGHT,,,,,,,,,,,,,,,,,,,,,,,,,,,,,,,,,,,,,,,,,,,
59737,50 FEET FROM 1319,RELATED TO INTERSECTION,STRAIGHT,,,,,,,,,,,,,,,,,,,,,,,,,,,,,,,,,,,,,,,,,,,
59743,10 FEET FROM 1349,RELATED TO INTERSECTION,STRAIGHT,,,,,,,,,,,,,,,,,,,,,,,,,,,,,,,,,,,,,,,,,,,
59749,499 FEET FROM US1 SB,NO SPECIAL FEATURE,STRAIGHT,,,,,,,,,,,,,,,,,,,,,,,,,,,,,,,,,,,,,,,,,,,
59750,418 FEET FROM OKELLY CHAPEL RD,DRIVEWAY,,,,,,,,,,,,,,,,,,,,,,,,,,,,,,,,,,,,,,,,,,,,
59752,0 FEET FROM 1600,FOUR-WAY INTERSECTION,STRAIGHT,,,,,,,,,,,,,,,,,,,,,,,,,,,,,,,,,,,,,,,,,,,
59764,.1 MILES FROM NEW WAVERLY PL,NO SPECIAL FEATURE,STRAIGHT,,,,,,,,,,,,,,,,,,,,,,,,,,,,,,,,,,,,,,,,,,,
59769,.25 MILES FROM 1600,NO SPECIAL FEATURE,STRAIGHT,,,,,,,,,,,,,,,,,,,,,,,,,,,,,,,,,,,,,,,,,,,
59785,250 FEET FROM 1617,NO SPECIAL FEATURE,STRAIGHT,,,,,,,,,,,,,,,,,,,,,,,,,,,,,,,,,,,,,,,,,,,
59793,CARY,NO SPECIAL FEATURE,STRAIGHT,,,,,,,,,,,,,,,,,,,,,,,,,,,,,,,,,,,,,,,,,,,
59796,CARY,FOUR-WAY INTERSECTION,STRAIGHT,,,,,,,,,,,,,,,,,,,,,,,,,,,,,,,,,,,,,,,,,,,
59801,.19 MILES FROM 3060,NO SPECIAL FEATURE,STRAIGHT,,,,,,,,,,,,,,,,,,,,,,,,,,,,,,,,,,,,,,,,,,,
59802,CARY,NO SPECIAL FEATURE,STRAIGHT,,,,,,,,,,,,,,,,,,,,,,,,,,,,,,,,,,,,,,,,,,,
59803,15 FEET FROM 1415,NO SPECIAL FEATURE,STRAIGHT,,,,,,,,,,,,,,,,,,,,,,,,,,,,,,,,,,,,,,,,,,,
59807,100 FEET FROM MACKENAN DR,NO SPECIAL FEATURE,STRAIGHT,,,,,,,,,,,,,,,,,,,,,,,,,,,,,,,,,,,,,,,,,,,
59810,100 FEET FROM 1415,RELATED TO INTERSECTION,STRAIGHT,,,,,,,,,,,,,,,,,,,,,,,,,,,,,,,,,,,,,,,,,,,
59829,50 FEET FROM ADVENT CT,NO SPECIAL FEATURE,CURVE,,,,,,,,,,,,,,,,,,,,,,,,,,,,,,,,,,,,,,,,,,,
59834,.18 MILES FROM 1,NO SPECIAL FEATURE,STRAIGHT,,,,,,,,,,,,,,,,,,,,,,,,,,,,,,,,,,,,,,,,,,,
59835,27 FEET FROM 1313,FOUR-WAY INTERSECTION,STRAIGHT,,,,,,,,,,,,,,,,,,,,,,,,,,,,,,,,,,,,,,,,,,,
59836,CARY,NO SPECIAL FEATURE,STRAIGHT,,,,,,,,,,,,,,,,,,,,,,,,,,,,,,,,,,,,,,,,,,,
59842,25 FEET FROM ARVO LN,NO SPECIAL FEATURE,CURVE,,,,,,,,,,,,,,,,,,,,,,,,,,,,,,,,,,,,,,,,,,,
59844,100 FEET FROM HELMSDALE DR,NO SPECIAL FEATURE,STRAIGHT,,,,,,,,,,,,,,,,,,,,,,,,,,,,,,,,,,,,,,,,,,,
59848,30 FEET FROM  KEISLER DR,NO SPECIAL FEATURE,STRAIGHT,,,,,,,,,,,,,,,,,,,,,,,,,,,,,,,,,,,,,,,,,,,
59850,50 FEET FROM 1011,NO SPECIAL FEATURE,STRAIGHT,,,,,,,,,,,,,,,,,,,,,,,,,,,,,,,,,,,,,,,,,,,
59859,CARY,FOUR-WAY INTERSECTION,STRAIGHT,,,,,,,,,,,,,,,,,,,,,,,,,,,,,,,,,,,,,,,,,,,
59866,499 FEET FROM 1009,NO SPECIAL FEATURE,STRAIGHT,,,,,,,,,,,,,,,,,,,,,,,,,,,,,,,,,,,,,,,,,,,
59872,90 FEET FROM 3081,NO SPECIAL FEATURE,STRAIGHT,,,,,,,,,,,,,,,,,,,,,,,,,,,,,,,,,,,,,,,,,,,
59873,300 FEET FROM CARY TOWNE BLVD,NO SPECIAL FEATURE,STRAIGHT,,,,,,,,,,,,,,,,,,,,,,,,,,,,,,,,,,,,,,,,,,,
59887,15 FEET FROM WELLINGBOROUGH DR,RELATED TO INTERSECTION,STRAIGHT,,,,,,,,,,,,,,,,,,,,,,,,,,,,,,,,,,,,,,,,,,,
59892,CARY,FOUR-WAY INTERSECTION,STRAIGHT,,,,,,,,,,,,,,,,,,,,,,,,,,,,,,,,,,,,,,,,,,,
59896,50 FEET FROM 1009,RELATED TO INTERSECTION,STRAIGHT,,,,,,,,,,,,,,,,,,,,,,,,,,,,,,,,,,,,,,,,,,,
59911,.25 MILES FROM 1624,NO SPECIAL FEATURE,STRAIGHT,,,,,,,,,,,,,,,,,,,,,,,,,,,,,,,,,,,,,,,,,,,
59914,.30 MILES FROM KILDAIRE FARM RD,NO SPECIAL FEATURE,STRAIGHT,,,,,,,,,,,,,,,,,,,,,,,,,,,,,,,,,,,,,,,,,,,
59916,.106 MILES FROM 64,NO SPECIAL FEATURE,STRAIGHT,,,,,,,,,,,,,,,,,,,,,,,,,,,,,,,,,,,,,,,,,,,
59918,300 FEET FROM 55 HWY,NO SPECIAL FEATURE,STRAIGHT,,,,,,,,,,,,,,,,,,,,,,,,,,,,,,,,,,,,,,,,,,,
59920,490 FEET FROM 1011,NO SPECIAL FEATURE,STRAIGHT,,,,,,,,,,,,,,,,,,,,,,,,,,,,,,,,,,,,,,,,,,,
59925,30 FEET FROM 55,NO SPECIAL FEATURE,STRAIGHT,,,,,,,,,,,,,,,,,,,,,,,,,,,,,,,,,,,,,,,,,,,
59938,200 FEET FROM NC 55 HWY,NO SPECIAL FEATURE,STRAIGHT,,,,,,,,,,,,,,,,,,,,,,,,,,,,,,,,,,,,,,,,,,,
59943,3 MILES FROM 40,NO SPECIAL FEATURE,STRAIGHT,,,,,,,,,,,,,,,,,,,,,,,,,,,,,,,,,,,,,,,,,,,
59944,CARY,FOUR-WAY INTERSECTION,STRAIGHT,,,,,,,,,,,,,,,,,,,,,,,,,,,,,,,,,,,,,,,,,,,
59946,.02 MILES FROM 3977,NO SPECIAL FEATURE,STRAIGHT,,,,,,,,,,,,,,,,,,,,,,,,,,,,,,,,,,,,,,,,,,,
59951,1 MILES FROM 1,NO SPECIAL FEATURE,STRAIGHT,,,,,,,,,,,,,,,,,,,,,,,,,,,,,,,,,,,,,,,,,,,
59958,62 FEET FROM 1628,NO SPECIAL FEATURE,STRAIGHT,,,,,,,,,,,,,,,,,,,,,,,,,,,,,,,,,,,,,,,,,,,
59960,CARY,,,,,,,,,,,,,,,,0,0,,,,,,,SPORT UTILITY,SPORT UTILITY,VAN,,,,20714,10/9/2023,3:32:11 AM,2023-10-09T07:32:11+00:00,,2023,No,No,10,,,,SPORT UTILITY,,,
59965,70 FEET FROM KENSINGTON DR,NO SPECIAL FEATURE,STRAIGHT,,,,,,,,,,,,,,,,,,,,,,,,,,,,,,,,,,,,,,,,,,,
59971,CARY,NO SPECIAL FEATURE,STRAIGHT,,,,,,,,,,,,,,,,,,,,,,,,,,,,,,,,,,,,,,,,,,,
59980,150 FEET FROM 1600,NO SPECIAL FEATURE,STRAIGHT,,,,,,,,,,,,,,,,,,,,,,,,,,,,,,,,,,,,,,,,,,,
59984,CARY,NO SPECIAL FEATURE,STRAIGHT,,,,,,,,,,,,,,,,,,,,,,,,,,,,,,,,,,,,,,,,,,,
59994,356 FEET FROM 1741 WALNUT ST,NO SPECIAL FEATURE,STRAIGHT,,,,,,,,,,,,,,,,,,,,,,,,,,,,,,,,,,,,,,,,,,,
59997,191 FEET FROM 7600 ROBERTS RD,NO SPECIAL FEATURE,STRAIGHT,,,,,,,,,,,,,,,,,,,,,,,,,,,,,,,,,,,,,,,,,,,
60008,.1 MILES FROM 1622,NO SPECIAL FEATURE,STRAIGHT,,,,,,,,,,,,,,,,,,,,,,,,,,,,,,,,,,,,,,,,,,,
60013,CARY,T-INTERSECTION,STRAIGHT,,,,,,,,,,,,,,,,,,,,,,,,,,,,,,,,,,,,,,,,,,,
60014,2 MILES FROM 1,NO SPECIAL FEATURE,STRAIGHT,,,,,,,,,,,,,,,,,,,,,,,,,,,,,,,,,,,,,,,,,,,
60015,CARY,FOUR-WAY INTERSECTION,STRAIGHT,,,,,,,,,,,,,,,,,,,,,,,,,,,,,,,,,,,,,,,,,,,
60027,CARY,FOUR-WAY INTERSECTION,STRAIGHT,,,,,,,,,,,,,,,,,,,,,,,,,,,,,,,,,,,,,,,,,,,
60031,100 FEET FROM 64,NO SPECIAL FEATURE,STRAIGHT,,,,,,,,,,,,,,,,,,,,,,,,,,,,,,,,,,,,,,,,,,,
60039,200 FEET FROM OKELLY CHAPEL RD,NO SPECIAL FEATURE,STRAIGHT,,,,,,,,,,,,,,,,,,,,,,,,,,,,,,,,,,,,,,,,,,,
60042,.18 MILES FROM 1305 KILDAIRE FARM RD,DRIVEWAY,,,,,,,,,,,,,,,,,,,,,,,,,,,,,,,,,,,,,,,,,,,,
60045,NEAR .1 MILES  OF 1652,ON-RAMP ENTRY,CURVE,,,,,,,,,,,,,,,,,,,,,,,,,,,,,,,,,,,,,,,,,,,
60055,CARY,RELATED TO INTERSECTION,STRAIGHT,,,,,,,,,,,,,,,,,,,,,,,,,,,,,,,,,,,,,,,,,,,
60057,0.1 MILES FROM TRYON WOODS DR,NO SPECIAL FEATURE,STRAIGHT,,,,,,,,,,,,,,,,,,,,,,,,,,,,,,,,,,,,,,,,,,,
60063,224 FEET FROM 1300,NO SPECIAL FEATURE,STRAIGHT,,,,,,,,,,,,,,,,,,,,,,,,,,,,,,,,,,,,,,,,,,,
60064,.162 MILES FROM 64,NO SPECIAL FEATURE,STRAIGHT,,,,,,,,,,,,,,,,,,,,,,,,,,,,,,,,,,,,,,,,,,,
60065,CARY,T-INTERSECTION,STRAIGHT,,,,,,,,,,,,,,,,,,,,,,,,,,,,,,,,,,,,,,,,,,,
60066,CARY,FOUR-WAY INTERSECTION,STRAIGHT,,,,,,,,,,,,,,,,,,,,,,,,,,,,,,,,,,,,,,,,,,,
60067,0 FEET FROM 1009,FOUR-WAY INTERSECTION,CURVE,,,,,,,,,,,,,,,,,,,,,,,,,,,,,,,,,,,,,,,,,,,
60072,CARY,NO SPECIAL FEATURE,STRAIGHT,,,,,,,,,,,,,,,,,,,,,,,,,,,,,,,,,,,,,,,,,,,
60075,50 FEET FROM 1415,NO SPECIAL FEATURE,STRAIGHT,,,,,,,,,,,,,,,,,,,,,,,,,,,,,,,,,,,,,,,,,,,
60078,CARY,RELATED TO INTERSECTION,STRAIGHT,,,,,,,,,,,,,,,,,,,,,,,,,,,,,,,,,,,,,,,,,,,
60089,CARY,FOUR-WAY INTERSECTION,STRAIGHT,,,,,,,,,,,,,,,,,,,,,,,,,,,,,,,,,,,,,,,,,,,
60091,50 FEET FROM 2350 WALNUT ST,NO SPECIAL FEATURE,STRAIGHT,,,,,,,,,,,,,,,,,,,,,,,,,,,,,,,,,,,,,,,,,,,
60095,10 FEET FROM MIDENHALL WAY,FOUR-WAY INTERSECTION,STRAIGHT,,,,,,,,,,,,,,,,,,,,,,,,,,,,,,,,,,,,,,,,,,,
60096,340 FEET FROM OKELLY CHAPEL RD,NO SPECIAL FEATURE,STRAIGHT,,,,,,,,,,,,,,,,,,,,,,,,,,,,,,,,,,,,,,,,,,,
60100,0 FEET FROM 55,FOUR-WAY INTERSECTION,STRAIGHT,,,,,,,,,,,,,,,,,,,,,,,,,,,,,,,,,,,,,,,,,,,
60103,50 FEET FROM 1307,NO SPECIAL FEATURE,STRAIGHT,,,,,,,,,,,,,,,,,,,,,,,,,,,,,,,,,,,,,,,,,,,
60108,100 FEET FROM NC 55 HWY,NO SPECIAL FEATURE,STRAIGHT,,,,,,,,,,,,,,,,,,,,,,,,,,,,,,,,,,,,,,,,,,,
60110,CARY,FOUR-WAY INTERSECTION,STRAIGHT,,,,,,,,,,,,,,,,,,,,,,,,,,,,,,,,,,,,,,,,,,,
60111,CARY,FOUR-WAY INTERSECTION,STRAIGHT,,,,,,,,,,,,,,,,,,,,,,,,,,,,,,,,,,,,,,,,,,,
60112,100 FEET FROM 1300,NO SPECIAL FEATURE,CURVE,,,,,,,,,,,,,,,,,,,,,,,,,,,,,,,,,,,,,,,,,,,
60122,237 FEET FROM HARRISON POINTE DR,NO SPECIAL FEATURE,STRAIGHT,,,,,,,,,,,,,,,,,,,,,,,,,,,,,,,,,,,,,,,,,,,
60123,CARY,T-INTERSECTION,STRAIGHT,,,,,,,,,,,,,,,,,,,,,,,,,,,,,,,,,,,,,,,,,,,
60126,50 FEET FROM 4067,RELATED TO INTERSECTION,CURVE,,,,,,,,,,,,,,,,,,,,,,,,,,,,,,,,,,,,,,,,,,,
60132,15 FEET FROM TOWNE VILLAGE DR,NO SPECIAL FEATURE,STRAIGHT,,,,,,,,,,,,,,,,,,,,,,,,,,,,,,,,,,,,,,,,,,,
60144,499 FEET FROM 1315,RELATED TO INTERSECTION,STRAIGHT,,,,,,,,,,,,,,,,,,,,,,,,,,,,,,,,,,,,,,,,,,,
60150,.01 MILES FROM 110 PRESTON EXECUTIVE DR,DRIVEWAY,,,,,,,,,,,,,,,,,,,,,,,,,,,,,,,,,,,,,,,,,,,,
60153,62 FEET FROM 1011,RELATED TO INTERSECTION,STRAIGHT,,,,,,,,,,,,,,,,,,,,,,,,,,,,,,,,,,,,,,,,,,,
60157,.01 MILES FROM DOGWOOD TREE LN,NO SPECIAL FEATURE,STRAIGHT,,,,,,,,,,,,,,,,,,,,,,,,,,,,,,,,,,,,,,,,,,,
60158,50 FEET FROM 3081,RELATED TO INTERSECTION,STRAIGHT,,,,,,,,,,,,,,,,,,,,,,,,,,,,,,,,,,,,,,,,,,,
60161,0.5 MILES FROM 1,NO SPECIAL FEATURE,STRAIGHT,,,,,,,,,,,,,,,,,,,,,,,,,,,,,,,,,,,,,,,,,,,
60164,250 FEET FROM W CHATHAM ST,NO SPECIAL FEATURE,STRAIGHT,,,,,,,,,,,,,,,,,,,,,,,,,,,,,,,,,,,,,,,,,,,
60166,CARY,NO SPECIAL FEATURE,STRAIGHT,,,,,,,,,,,,,,,,,,,,,,,,,,,,,,,,,,,,,,,,,,,
60173,CARY,,,,,,,,,,,,,,,,0,0,,,,,,,,,,,,,20927,3/25/2023,11:01 AM,2023-03-25T15:01:00+00:00,,2023,No,No,3,,,,,,,
60177,50 FEET FROM 1415,FOUR-WAY INTERSECTION,STRAIGHT,,,,,,,,,,,,,,,,,,,,,,,,,,,,,,,,,,,,,,,,,,,
60179,100 FEET FROM STAFFORD BROOK LN,NO SPECIAL FEATURE,STRAIGHT,,,,,,,,,,,,,,,,,,,,,,,,,,,,,,,,,,,,,,,,,,,
60180,30 FEET FROM CRESCENT GREEN,DRIVEWAY,,,,,,,,,,,,,,,,,,,,,,,,,,,,,,,,,,,,,,,,,,,,
60183,200 FEET FROM 1415,NO SPECIAL FEATURE,STRAIGHT,,,,,,,,,,,,,,,,,,,,,,,,,,,,,,,,,,,,,,,,,,,
60187,.1 MILES FROM 1652,NO SPECIAL FEATURE,STRAIGHT,,,,,,,,,,,,,,,,,,,,,,,,,,,,,,,,,,,,,,,,,,,
60191,CARY,,,,,,,,,,,,,,,,0,0,,,,,,,,,,,,,20945,11/8/2023,3:53:53 PM,2023-11-08T20:53:53+00:00,,2023,No,No,11,,,,,,,
60196,10 FEET FROM 370 S WALKER ST,DRIVEWAY,,,,,,,,,,,,,,,,,,,,,,,,,,,,,,,,,,,,,,,,,,,,
60198,0.45 MILES FROM 1147,SHARED-USE PATHS OR TRAILS,STRAIGHT,,,,,,,,,,,,,,,,,,,,,,,,,,,,,,,,,,,,,,,,,,,
60200,187 FEET FROM WALNUT ST,DRIVEWAY,,,,,,,,,,,,,,,,,,,,,,,,,,,,,,,,,,,,,,,,,,,,
60212,CARY,NO SPECIAL FEATURE,STRAIGHT,,,,,,,,,,,,,,,,,,,,,,,,,,,,,,,,,,,,,,,,,,,
60213,406 FEET FROM 1961 HIGH HOUSE RD,NO SPECIAL FEATURE,STRAIGHT,,,,,,,,,,,,,,,,,,,,,,,,,,,,,,,,,,,,,,,,,,,
60215,100 FEET FROM CHAPEL HILL RD,NO SPECIAL FEATURE,STRAIGHT,,,,,,,,,,,,,,,,,,,,,,,,,,,,,,,,,,,,,,,,,,,
60219,NEAR .2 MILES S OF S 1,NO SPECIAL FEATURE,STRAIGHT,,,,,,,,,,,,,,,,,,,,,,,,,,,,,,,,,,,,,,,,,,,
60223,10 FEET FROM 1613,NO SPECIAL FEATURE,STRAIGHT,,,,,,,,,,,,,,,,,,,,,,,,,,,,,,,,,,,,,,,,,,,
60226,120 FEET FROM 115 STORM CT,NO SPECIAL FEATURE,STRAIGHT,,,,,,,,,,,,,,,,,,,,,,,,,,,,,,,,,,,,,,,,,,,
60231,CARY,FOUR-WAY INTERSECTION,STRAIGHT,,,,,,,,,,,,,,,,,,,,,,,,,,,,,,,,,,,,,,,,,,,
60233,300 FEET FROM 3073,NO SPECIAL FEATURE,STRAIGHT,,,,,,,,,,,,,,,,,,,,,,,,,,,,,,,,,,,,,,,,,,,
60238,187 FEET FROM 1,NO SPECIAL FEATURE,STRAIGHT,,,,,,,,,,,,,,,,,,,,,,,,,,,,,,,,,,,,,,,,,,,
60239,490 FEET FROM 1/ 64,NO SPECIAL FEATURE,STRAIGHT,,,,,,,,,,,,,,,,,,,,,,,,,,,,,,,,,,,,,,,,,,,
60249,.25 MILES FROM 1,NO SPECIAL FEATURE,STRAIGHT,,,,,,,,,,,,,,,,,,,,,,,,,,,,,,,,,,,,,,,,,,,
60251,10 FEET FROM E CHATHAM ST,NO SPECIAL FEATURE,STRAIGHT,,,,,,,,,,,,,,,,,,,,,,,,,,,,,,,,,,,,,,,,,,,
60255,50 FEET FROM CHESTNUT,NO SPECIAL FEATURE,STRAIGHT,,,,,,,,,,,,,,,,,,,,,,,,,,,,,,,,,,,,,,,,,,,
60258,50 FEET FROM CROSSROADS BLVD,NO SPECIAL FEATURE,STRAIGHT,,,,,,,,,,,,,,,,,,,,,,,,,,,,,,,,,,,,,,,,,,,
60263,.25 MILES FROM BUCK JONES RD,RELATED TO INTERSECTION,STRAIGHT,,,,,,,,,,,,,,,,,,,,,,,,,,,,,,,,,,,,,,,,,,,
60276,487 FEET FROM 1300,NO SPECIAL FEATURE,STRAIGHT,,,,,,,,,,,,,,,,,,,,,,,,,,,,,,,,,,,,,,,,,,,
60277,CARY,NO SPECIAL FEATURE,STRAIGHT,,,,,,,,,,,,,,,,,,,,,,,,,,,,,,,,,,,,,,,,,,,
60280,.01 MILES FROM PVA OF 7600 ROBERTS RD,NO SPECIAL FEATURE,STRAIGHT,,,,,,,,,,,,,,,,,,,,,,,,,,,,,,,,,,,,,,,,,,,
60287,CARY,FOUR-WAY INTERSECTION,STRAIGHT,,,,,,,,,,,,,,,,,,,,,,,,,,,,,,,,,,,,,,,,,,,
60288,CARY,FOUR-WAY INTERSECTION,STRAIGHT,,,,,,,,,,,,,,,,,,,,,,,,,,,,,,,,,,,,,,,,,,,
60292,CARY,T-INTERSECTION,STRAIGHT,,,,,,,,,,,,,,,,,,,,,,,,,,,,,,,,,,,,,,,,,,,
60294,195 FEET FROM WALNUT ST,DRIVEWAY,,,,,,,,,,,,,,,,,,,,,,,,,,,,,,,,,,,,,,,,,,,,
60301,15 FEET FROM 3977,NO SPECIAL FEATURE,CURVE,,,,,,,,,,,,,,,,,,,,,,,,,,,,,,,,,,,,,,,,,,,
60307,115 FEET FROM 1613,NO SPECIAL FEATURE,CURVE,,,,,,,,,,,,,,,,,,,,,,,,,,,,,,,,,,,,,,,,,,,
60309,321 FEET FROM 1613,NO SPECIAL FEATURE,STRAIGHT,,,,,,,,,,,,,,,,,,,,,,,,,,,,,,,,,,,,,,,,,,,
60314,50 FEET FROM 1,NO SPECIAL FEATURE,STRAIGHT,,,,,,,,,,,,,,,,,,,,,,,,,,,,,,,,,,,,,,,,,,,
60318,15 FEET FROM WALNUT,NO SPECIAL FEATURE,STRAIGHT,,,,,,,,,,,,,,,,,,,,,,,,,,,,,,,,,,,,,,,,,,,
60320,25 FEET FROM KILDAIRE FARM RD.,NO SPECIAL FEATURE,STRAIGHT,,,,,,,,,,,,,,,,,,,,,,,,,,,,,,,,,,,,,,,,,,,
60333,CARY,NO SPECIAL FEATURE,STRAIGHT,,,,,,,,,,,,,,,,,,,,,,,,,,,,,,,,,,,,,,,,,,,
60334,CARY,FOUR-WAY INTERSECTION,STRAIGHT,,,,,,,,,,,,,,,,,,,,,,,,,,,,,,,,,,,,,,,,,,,
60336,12 FEET FROM PICKETT BRANCH RD,NO SPECIAL FEATURE,STRAIGHT,,,,,,,,,,,,,,,,,,,,,,,,,,,,,,,,,,,,,,,,,,,
60338,358 FEET FROM 1724 WALNUT ST,NO SPECIAL FEATURE,STRAIGHT,,,,,,,,,,,,,,,,,,,,,,,,,,,,,,,,,,,,,,,,,,,
60342,50 FEET FROM BUCK JONES RD,NO SPECIAL FEATURE,STRAIGHT,,,,,,,,,,,,,,,,,,,,,,,,,,,,,,,,,,,,,,,,,,,
60347,.02 MILES FROM 3060,NO SPECIAL FEATURE,STRAIGHT,,,,,,,,,,,,,,,,,,,,,,,,,,,,,,,,,,,,,,,,,,,
60351,.5 MILES FROM EDERLEE DR,NO SPECIAL FEATURE,STRAIGHT,,,,,,,,,,,,,,,,,,,,,,,,,,,,,,,,,,,,,,,,,,,
60356,CARY,FOUR-WAY INTERSECTION,STRAIGHT,,,,,,,,,,,,,,,,,,,,,,,,,,,,,,,,,,,,,,,,,,,
60357,.02 MILES FROM PVA OF 7600 ROBERTS RD,NO SPECIAL FEATURE,STRAIGHT,,,,,,,,,,,,,,,,,,,,,,,,,,,,,,,,,,,,,,,,,,,
60362,0 FEET FROM 1613,FOUR-WAY INTERSECTION,STRAIGHT,,,,,,,,,,,,,,,,,,,,,,,,,,,,,,,,,,,,,,,,,,,
60367,121 FEET FROM 1415,RELATED TO INTERSECTION,STRAIGHT,,,,,,,,,,,,,,,,,,,,,,,,,,,,,,,,,,,,,,,,,,,
60369,.5 MILES FROM 1315,RELATED TO INTERSECTION,STRAIGHT,,,,,,,,,,,,,,,,,,,,,,,,,,,,,,,,,,,,,,,,,,,
60379,200 FEET FROM WALNUT ST,NO SPECIAL FEATURE,STRAIGHT,,,,,,,,,,,,,,,,,,,,,,,,,,,,,,,,,,,,,,,,,,,
60381,100 FEET FROM 1415,NO SPECIAL FEATURE,STRAIGHT,,,,,,,,,,,,,,,,,,,,,,,,,,,,,,,,,,,,,,,,,,,
60391,0 FEET FROM 1415,FOUR-WAY INTERSECTION,STRAIGHT,,,,,,,,,,,,,,,,,,,,,,,,,,,,,,,,,,,,,,,,,,,
60397,200 FEET FROM 64,NO SPECIAL FEATURE,STRAIGHT,,,,,,,,,,,,,,,,,,,,,,,,,,,,,,,,,,,,,,,,,,,
60398,5 FEET FROM BOWDEN ST,NO SPECIAL FEATURE,STRAIGHT,,,,,,,,,,,,,,,,,,,,,,,,,,,,,,,,,,,,,,,,,,,
60401,CARY,FOUR-WAY INTERSECTION,STRAIGHT,,,,,,,,,,,,,,,,,,,,,,,,,,,,,,,,,,,,,,,,,,,
60403,CARY,FOUR-WAY INTERSECTION,STRAIGHT,,,,,,,,,,,,,,,,,,,,,,,,,,,,,,,,,,,,,,,,,,,
60409,.2 MILES FROM MIDDLE CREEK PARK AVE,NO SPECIAL FEATURE,STRAIGHT,,,,,,,,,,,,,,,,,,,,,,,,,,,,,,,,,,,,,,,,,,,
60413,30 FEET FROM E CHATHAM ST,NO SPECIAL FEATURE,STRAIGHT,,,,,,,,,,,,,,,,,,,,,,,,,,,,,,,,,,,,,,,,,,,
60423,CARY,NO SPECIAL FEATURE,STRAIGHT,,,,,,,,,,,,,,,,,,,,,,,,,,,,,,,,,,,,,,,,,,,
60425,76 FEET FROM MARKET WALK DR,NO SPECIAL FEATURE,STRAIGHT,,,,,,,,,,,,,,,,,,,,,,,,,,,,,,,,,,,,,,,,,,,
60432,70 FEET FROM 1009,FOUR-WAY INTERSECTION,STRAIGHT,,,,,,,,,,,,,,,,,,,,,,,,,,,,,,,,,,,,,,,,,,,
60436,1 MILES FROM 1,NO SPECIAL FEATURE,STRAIGHT,,,,,,,,,,,,,,,,,,,,,,,,,,,,,,,,,,,,,,,,,,,
60441,10 FEET FROM 1415,T-INTERSECTION,STRAIGHT,,,,,,,,,,,,,,,,,,,,,,,,,,,,,,,,,,,,,,,,,,,
60446,.12 MILES FROM 400 REGENCY FOREST DR,NO SPECIAL FEATURE,STRAIGHT,,,,,,,,,,,,,,,,,,,,,,,,,,,,,,,,,,,,,,,,,,,
60449,.5 MILES FROM 1,NO SPECIAL FEATURE,STRAIGHT,,,,,,,,,,,,,,,,,,,,,,,,,,,,,,,,,,,,,,,,,,,
60450,272 FEET FROM 3710 DAVIS DR,NO SPECIAL FEATURE,STRAIGHT,,,,,,,,,,,,,,,,,,,,,,,,,,,,,,,,,,,,,,,,,,,
60459,.25 MILES FROM 1,NO SPECIAL FEATURE,STRAIGHT,,,,,,,,,,,,,,,,,,,,,,,,,,,,,,,,,,,,,,,,,,,
60461,.29 MILES FROM 1,NO SPECIAL FEATURE,STRAIGHT,,,,,,,,,,,,,,,,,,,,,,,,,,,,,,,,,,,,,,,,,,,
60466,.096 MILES FROM 1,OFF-RAMP ENTRY,CURVE,,,,,,,,,,,,,,,,,,,,,,,,,,,,,,,,,,,,,,,,,,,
60467,.22 MILES FROM 123 MIDDLE CREEK PARK AVE,NO SPECIAL FEATURE,STRAIGHT,,,,,,,,,,,,,,,,,,,,,,,,,,,,,,,,,,,,,,,,,,,